pattern,support
"[1, 2, 3, 4, 5, 6, 10, 7, 8, 9]",2.2296090203
"[1, 2, 3, 4, 5, 6, 10, 7, 9, 8]",2.3114172863
"[1, 2, 3, 4, 5, 6, 10, 8, 7, 9, 11]",3.3261583151
"[1, 2, 3, 4, 5, 6, 10, 8, 7, 9]",4.7885031631
"[1, 2, 3, 4, 5, 6, 10, 9, 8, 7]",2.3582132791
"[1, 2, 3, 4, 5, 6, 7, 10, 11, 9, 8]",2.5120468977
"[1, 2, 3, 4, 5, 6, 7, 10, 8, 9, 11]",2.7816196749
"[1, 2, 3, 4, 5, 6, 7, 10, 8, 9]",8.0981953241
"[1, 2, 3, 4, 5, 6, 7, 10, 9, 8]",9.6768426870
"[1, 2, 3, 4, 5, 6, 7, 11, 8, 10, 9]",2.3114172863
"[1, 2, 3, 4, 5, 6, 7, 11, 9, 8, 10, 12]",2.4018122512
"[1, 2, 3, 4, 5, 6, 7, 11, 9, 8, 10]",3.8641972071
"[1, 2, 3, 4, 5, 6, 7, 8, 10, 11, 9]",4.2475408245
"[1, 2, 3, 4, 5, 6, 7, 8, 10, 12, 11, 9]",2.0184373469
"[1, 2, 3, 4, 5, 6, 7, 8, 10, 9, 11, 12]",2.1215567917
"[1, 2, 3, 4, 5, 6, 7, 8, 10, 9, 11]",4.9103591953
"[1, 2, 3, 4, 5, 6, 7, 8, 10, 9]",18.7154968545
"[1, 2, 3, 4, 5, 6, 7, 8, 11, 10, 9]",6.7681949701
"[1, 2, 3, 4, 5, 6, 7, 8, 11, 9, 10]",2.6741697513
"[1, 2, 3, 4, 5, 6, 7, 8, 12, 10, 9, 11]",3.0873034079
"[1, 2, 3, 4, 5, 6, 7, 8, 9, 10, 11, 12, 13]",4.6997770968
"[1, 2, 3, 4, 5, 6, 7, 8, 9, 10, 11, 12, 14, 13]",3.0292196845
"[1, 2, 3, 4, 5, 6, 7, 8, 9, 10, 11, 12]",10.1938524239
"[1, 2, 3, 4, 5, 6, 7, 8, 9, 10, 11, 13, 12]",4.9993266805
"[1, 2, 3, 4, 5, 6, 7, 8, 9, 10, 11, 14, 13, 12]",2.0365624804
"[1, 2, 3, 4, 5, 6, 7, 8, 9, 10, 11]",20.1630578765
"[1, 2, 3, 4, 5, 6, 7, 8, 9, 10, 12, 11]",8.2393452324
"[1, 2, 3, 4, 5, 6, 7, 8, 9, 10, 13, 11, 12]",2.1641056028
"[1, 2, 3, 4, 5, 6, 7, 8, 9, 10, 13, 12, 11]",2.0365624804
"[1, 2, 3, 4, 5, 6, 7, 8, 9, 10]",37.7705740244
"[1, 2, 3, 4, 5, 6, 7, 8, 9, 11, 10, 12, 13]",2.1215567917
"[1, 2, 3, 4, 5, 6, 7, 8, 9, 11, 10, 12]",2.7093136840
"[1, 2, 3, 4, 5, 6, 7, 8, 9, 11, 10]",11.3741193472
"[1, 2, 3, 4, 5, 6, 7, 8, 9, 11, 13, 12, 10]",2.0184373469
"[1, 2, 3, 4, 5, 6, 7, 8, 9, 12, 10, 11]",2.1641056028
"[1, 2, 3, 4, 5, 6, 7, 8, 9, 12, 11, 10]",4.1137897472
"[1, 2, 3, 4, 5, 6, 7, 8, 9]",75.6045243037
"[1, 2, 3, 4, 5, 6, 7, 8]",149.2548818054
"[1, 2, 3, 4, 5, 6, 7, 9, 10, 8, 11]",3.5179048776
"[1, 2, 3, 4, 5, 6, 7, 9, 10, 8, 12, 11]",2.6089768341
"[1, 2, 3, 4, 5, 6, 7, 9, 10, 8]",10.6666379723
"[1, 2, 3, 4, 5, 6, 7, 9, 11, 10, 8]",3.4469820348
"[1, 2, 3, 4, 5, 6, 7, 9, 8, 10, 11, 12, 13]",3.4070520593
"[1, 2, 3, 4, 5, 6, 7, 9, 8, 10, 11, 12]",4.4961297388
"[1, 2, 3, 4, 5, 6, 7, 9, 8, 10, 11]",8.0763628267
"[1, 2, 3, 4, 5, 6, 7, 9, 8, 10, 12, 11]",2.4326229581
"[1, 2, 3, 4, 5, 6, 7, 9, 8, 10]",11.5626001274
"[1, 2, 3, 4, 5, 6, 7, 9, 8]",36.1413161697
"[1, 2, 3, 4, 5, 6, 7]",299.3696405328
"[1, 2, 3, 4, 5, 6, 8, 10, 7, 9, 11]",2.2396442191
"[1, 2, 3, 4, 5, 6, 8, 10, 7, 9]",2.2395470397
"[1, 2, 3, 4, 5, 6, 8, 10, 9, 7]",3.9632362607
"[1, 2, 3, 4, 5, 6, 8, 7, 10, 9]",3.4668844841
"[1, 2, 3, 4, 5, 6, 8, 7, 9, 10, 11, 12]",4.5086392783
"[1, 2, 3, 4, 5, 6, 8, 7, 9, 10, 11, 13, 12]",2.2642971811
"[1, 2, 3, 4, 5, 6, 8, 7, 9, 10, 11]",9.1139562645
"[1, 2, 3, 4, 5, 6, 8, 7, 9, 10, 12, 11, 13]",2.9308688590
"[1, 2, 3, 4, 5, 6, 8, 7, 9, 10, 12, 11]",2.9307416870
"[1, 2, 3, 4, 5, 6, 8, 7, 9, 10]",18.3026068831
"[1, 2, 3, 4, 5, 6, 8, 7, 9, 11, 10]",5.0545509893
"[1, 2, 3, 4, 5, 6, 8, 7, 9]",27.6323384700
"[1, 2, 3, 4, 5, 6, 8, 7]",78.5828772568
"[1, 2, 3, 4, 5, 6, 8, 9, 10, 7]",3.8091630151
"[1, 2, 3, 4, 5, 6, 8, 9, 7, 10]",5.0289862433
"[1, 2, 3, 4, 5, 6, 8, 9, 7, 11, 10]",2.6089768341
"[1, 2, 3, 4, 5, 6, 8, 9, 7]",18.6726722471
"[1, 2, 3, 4, 5, 6, 9, 10, 8, 7]",4.4620245088
"[1, 2, 3, 4, 5, 6, 9, 7, 8, 10]",7.4868711693
"[1, 2, 3, 4, 5, 6, 9, 7, 8, 11, 10, 12]",2.2303761642
"[1, 2, 3, 4, 5, 6, 9, 7, 8, 11, 10]",3.6868582710
"[1, 2, 3, 4, 5, 6, 9, 7, 8]",17.1263048580
"[1, 2, 3, 4, 5, 6, 9, 8, 10, 7]",2.8298935064
"[1, 2, 3, 4, 5, 6, 9, 8, 11, 7, 10]",2.2647553320
"[1, 2, 3, 4, 5, 6, 9, 8, 7, 10, 11]",3.8273745361
"[1, 2, 3, 4, 5, 6, 9, 8, 7, 10]",4.9826988142
"[1, 2, 3, 4, 5, 6, 9, 8, 7]",16.8662593125
"[1, 2, 3, 4, 5, 6]",578.6386280609
"[1, 2, 3, 4, 5, 7, 10, 11, 9, 6, 8]",2.1877049823
"[1, 2, 3, 4, 5, 7, 10, 9, 6, 8]",2.8035228040
"[1, 2, 3, 4, 5, 7, 10, 9, 8, 6]",2.1692602092
"[1, 2, 3, 4, 5, 7, 6, 10, 9, 8]",2.6379210632
"[1, 2, 3, 4, 5, 7, 6, 8, 10, 11, 9]",2.2468592157
"[1, 2, 3, 4, 5, 7, 6, 8, 10, 9, 11]",2.2160225711
"[1, 2, 3, 4, 5, 7, 6, 8, 10, 9]",9.1834757149
"[1, 2, 3, 4, 5, 7, 6, 8, 11, 10, 9]",2.3694632542
"[1, 2, 3, 4, 5, 7, 6, 8, 9, 10, 11, 12]",3.1044020178
"[1, 2, 3, 4, 5, 7, 6, 8, 9, 10, 11]",8.6256876686
"[1, 2, 3, 4, 5, 7, 6, 8, 9, 10, 12, 11, 13]",2.2218171173
"[1, 2, 3, 4, 5, 7, 6, 8, 9, 10, 12, 11]",4.0339549572
"[1, 2, 3, 4, 5, 7, 6, 8, 9, 10]",17.5460088553
"[1, 2, 3, 4, 5, 7, 6, 8, 9, 11, 10, 12, 13]",2.4139759846
"[1, 2, 3, 4, 5, 7, 6, 8, 9, 11, 10, 12]",3.5677144973
"[1, 2, 3, 4, 5, 7, 6, 8, 9, 11, 10]",5.3830751232
"[1, 2, 3, 4, 5, 7, 6, 8, 9]",33.8235944992
"[1, 2, 3, 4, 5, 7, 6, 8]",53.9527154936
"[1, 2, 3, 4, 5, 7, 6, 9, 10, 8]",2.2644231434
"[1, 2, 3, 4, 5, 7, 6, 9, 11, 10, 8]",2.3880118961
"[1, 2, 3, 4, 5, 7, 6, 9, 8, 10, 11]",2.0551789676
"[1, 2, 3, 4, 5, 7, 6, 9, 8, 10]",4.5440247312
"[1, 2, 3, 4, 5, 7, 6, 9, 8]",10.2270785434
"[1, 2, 3, 4, 5, 7, 6]",146.0252185205
"[1, 2, 3, 4, 5, 7, 8, 6, 10, 9]",3.6763835718
"[1, 2, 3, 4, 5, 7, 8, 6, 9, 10]",2.8488272945
"[1, 2, 3, 4, 5, 7, 8, 6, 9]",8.3913927772
"[1, 2, 3, 4, 5, 7, 8, 6]",39.3112151062
"[1, 2, 3, 4, 5, 7, 8, 9, 6]",9.6674220851
"[1, 2, 3, 4, 5, 7, 9, 10, 6, 8]",2.5468814539
"[1, 2, 3, 4, 5, 7, 9, 10, 8, 6]",3.3317524578
"[1, 2, 3, 4, 5, 7, 9, 6, 8, 10, 11, 12]",2.9594736530
"[1, 2, 3, 4, 5, 7, 9, 6, 8, 10, 11, 13, 12]",2.4038504611
"[1, 2, 3, 4, 5, 7, 9, 6, 8, 10, 11]",3.7376224026
"[1, 2, 3, 4, 5, 7, 9, 6, 8, 10]",4.1082885840
"[1, 2, 3, 4, 5, 7, 9, 6, 8]",4.7717277458
"[1, 2, 3, 4, 5, 7, 9, 8, 6]",9.1449610722
"[1, 2, 3, 4, 5, 8, 10, 9, 7, 6]",2.4132004672
"[1, 2, 3, 4, 5, 8, 6, 7, 10, 9, 11]",2.2303761642
"[1, 2, 3, 4, 5, 8, 6, 7, 10, 9]",4.6000418345
"[1, 2, 3, 4, 5, 8, 6, 7, 9, 10]",3.0564398682
"[1, 2, 3, 4, 5, 8, 6, 7, 9]",10.8908294273
"[1, 2, 3, 4, 5, 8, 6, 7]",26.9858004210
"[1, 2, 3, 4, 5, 8, 6, 9, 10, 7]",2.2895003436
"[1, 2, 3, 4, 5, 8, 6, 9, 7]",2.0617602525
"[1, 2, 3, 4, 5, 8, 7, 10, 6, 9]",2.2647553320
"[1, 2, 3, 4, 5, 8, 7, 6, 10, 9]",3.4166686401
"[1, 2, 3, 4, 5, 8, 7, 6, 9, 10, 11]",2.2614949464
"[1, 2, 3, 4, 5, 8, 7, 6, 9, 10]",5.5286063902
"[1, 2, 3, 4, 5, 8, 7, 6, 9, 11, 10]",2.4989063314
"[1, 2, 3, 4, 5, 8, 7, 6, 9]",9.3340300291
"[1, 2, 3, 4, 5, 8, 7, 6]",28.7550668294
"[1, 2, 3, 4, 5, 8, 7, 9, 10, 6]",2.0964820849
"[1, 2, 3, 4, 5, 8, 7, 9, 6]",4.1097520586
"[1, 2, 3, 4, 5, 8, 9, 10, 6, 7]",2.5537916378
"[1, 2, 3, 4, 5, 8, 9, 6, 7]",5.2068137744
"[1, 2, 3, 4, 5, 8, 9, 7, 6, 10]",2.0048430457
"[1, 2, 3, 4, 5, 8, 9, 7, 6]",8.3842289835
"[1, 2, 3, 4, 5, 9, 6, 7, 8]",4.3513310224
"[1, 2, 3, 4, 5, 9, 6, 8, 7]",3.4407175951
"[1, 2, 3, 4, 5, 9, 7, 6, 8, 10]",3.3261583151
"[1, 2, 3, 4, 5, 9, 7, 6, 8]",4.7885031631
"[1, 2, 3, 4, 5, 9, 7, 8, 6]",2.9514210280
"[1, 2, 3, 4, 5, 9, 8, 6, 7]",3.0910837223
"[1, 2, 3, 4, 5, 9, 8, 7, 6]",3.4668648830
"[1, 2, 3, 4, 5]",1124.8988937189
"[1, 2, 3, 4, 6, 5, 7, 10, 11, 9, 8]",2.1697698876
"[1, 2, 3, 4, 6, 5, 7, 10, 9, 8]",2.9931277818
"[1, 2, 3, 4, 6, 5, 7, 11, 12, 10, 9, 8]",2.1698640392
"[1, 2, 3, 4, 6, 5, 7, 8, 10, 11, 9]",2.2328403843
"[1, 2, 3, 4, 6, 5, 7, 8, 10, 9, 11, 12]",3.3565892486
"[1, 2, 3, 4, 6, 5, 7, 8, 10, 9, 11]",5.4579033246
"[1, 2, 3, 4, 6, 5, 7, 8, 10, 9]",8.1680083083
"[1, 2, 3, 4, 6, 5, 7, 8, 9, 10, 11, 12]",3.1343993129
"[1, 2, 3, 4, 6, 5, 7, 8, 9, 10, 11]",7.9548306817
"[1, 2, 3, 4, 6, 5, 7, 8, 9, 10]",16.9710422231
"[1, 2, 3, 4, 6, 5, 7, 8, 9, 11, 10, 12]",2.2218171173
"[1, 2, 3, 4, 6, 5, 7, 8, 9, 11, 10]",4.7398396403
"[1, 2, 3, 4, 6, 5, 7, 8, 9]",38.4799382620
"[1, 2, 3, 4, 6, 5, 7, 8]",63.5102071666
"[1, 2, 3, 4, 6, 5, 7, 9, 10, 8]",5.1957920824
"[1, 2, 3, 4, 6, 5, 7, 9, 8, 10, 11]",2.0587419837
"[1, 2, 3, 4, 6, 5, 7, 9, 8, 10]",5.8965999149
"[1, 2, 3, 4, 6, 5, 7, 9, 8, 11, 10]",2.7257435242
"[1, 2, 3, 4, 6, 5, 7, 9, 8]",14.7612748880
"[1, 2, 3, 4, 6, 5, 7]",104.3337668002
"[1, 2, 3, 4, 6, 5, 8, 10, 9, 7]",3.2785001022
"[1, 2, 3, 4, 6, 5, 8, 7, 9, 10]",2.9603933816
"[1, 2, 3, 4, 6, 5, 8, 7, 9]",9.5064598628
"[1, 2, 3, 4, 6, 5, 8, 7]",21.2234408935
"[1, 2, 3, 4, 6, 5, 8, 9, 10, 7]",6.5838235736
"[1, 2, 3, 4, 6, 5, 8, 9, 11, 7, 10]",2.6888673646
"[1, 2, 3, 4, 6, 5, 8, 9, 7]",2.9767693911
"[1, 2, 3, 4, 6, 5, 9, 7, 8]",2.5825187270
"[1, 2, 3, 4, 6, 5, 9, 8, 7]",5.3618860389
"[1, 2, 3, 4, 6, 5]",296.0609903707
"[1, 2, 3, 4, 6, 7, 5, 8, 10, 9]",2.2500695867
"[1, 2, 3, 4, 6, 7, 5, 8, 9, 10, 11, 12]",2.7693398610
"[1, 2, 3, 4, 6, 7, 5, 8, 9, 10, 11]",3.8933846315
"[1, 2, 3, 4, 6, 7, 5, 8, 9, 10]",4.3352885936
"[1, 2, 3, 4, 6, 7, 5, 8, 9]",8.2859575675
"[1, 2, 3, 4, 6, 7, 5, 8]",16.5847448921
"[1, 2, 3, 4, 6, 7, 5, 9, 8]",5.4671488972
"[1, 2, 3, 4, 6, 7, 5]",71.0979207392
"[1, 2, 3, 4, 6, 7, 8, 5, 9]",3.2094373522
"[1, 2, 3, 4, 6, 7, 8, 5]",15.2961212477
"[1, 2, 3, 4, 6, 7, 8, 9, 5]",3.2504435316
"[1, 2, 3, 4, 6, 7, 9, 8, 5]",2.7740177871
"[1, 2, 3, 4, 6, 8, 5, 7, 9, 10, 11]",4.4343518935
"[1, 2, 3, 4, 6, 8, 5, 7, 9, 10, 12, 11]",3.3512613548
"[1, 2, 3, 4, 6, 8, 5, 7, 9, 10]",5.7693228141
"[1, 2, 3, 4, 6, 8, 5, 7, 9]",6.6226591345
"[1, 2, 3, 4, 6, 8, 5, 7]",9.1593822387
"[1, 2, 3, 4, 6, 8, 7, 5, 9, 10, 11]",2.9445469004
"[1, 2, 3, 4, 6, 8, 7, 5, 9, 10]",3.3487263956
"[1, 2, 3, 4, 6, 8, 7, 5, 9]",4.0355796635
"[1, 2, 3, 4, 6, 8, 7, 5]",20.8417838303
"[1, 2, 3, 4, 6, 8, 9, 5, 7]",2.5468814539
"[1, 2, 3, 4, 6, 8, 9, 7, 5]",5.1557151235
"[1, 2, 3, 4, 6, 9, 10, 8, 5, 7]",2.1877049823
"[1, 2, 3, 4, 6, 9, 7, 8, 5]",2.1668171162
"[1, 2, 3, 4, 6, 9, 8, 5, 7]",2.8035228040
"[1, 2, 3, 4, 6, 9, 8, 7, 5]",5.6842948639
"[1, 2, 3, 4, 7, 5, 6, 8, 9, 10, 11]",2.0367912799
"[1, 2, 3, 4, 7, 5, 6, 8, 9, 10]",4.1703907522
"[1, 2, 3, 4, 7, 5, 6, 8, 9]",6.9942730425
"[1, 2, 3, 4, 7, 5, 6, 8]",20.3372266567
"[1, 2, 3, 4, 7, 5, 6, 9, 8, 10]",2.2303761642
"[1, 2, 3, 4, 7, 5, 6, 9, 8]",6.8634359756
"[1, 2, 3, 4, 7, 5, 6]",50.6358627057
"[1, 2, 3, 4, 7, 5, 8, 6]",5.2968868864
"[1, 2, 3, 4, 7, 5, 8, 9, 6, 10]",2.6521385637
"[1, 2, 3, 4, 7, 5, 8, 9, 6]",4.0101320188
"[1, 2, 3, 4, 7, 6, 5, 10, 9, 8]",2.2303545464
"[1, 2, 3, 4, 7, 6, 5, 8, 10, 9]",3.0514598995
"[1, 2, 3, 4, 7, 6, 5, 8, 9, 10, 11]",2.3819896371
"[1, 2, 3, 4, 7, 6, 5, 8, 9, 10]",3.8483432514
"[1, 2, 3, 4, 7, 6, 5, 8, 9]",7.6679154335
"[1, 2, 3, 4, 7, 6, 5, 8]",15.8343265036
"[1, 2, 3, 4, 7, 6, 5, 9, 8, 10]",2.3653520465
"[1, 2, 3, 4, 7, 6, 5, 9, 8]",6.3576875192
"[1, 2, 3, 4, 7, 6, 5]",57.4901066819
"[1, 2, 3, 4, 7, 6, 8, 5]",7.4506137536
"[1, 2, 3, 4, 7, 6, 8, 9, 5]",2.0964820849
"[1, 2, 3, 4, 7, 6, 9, 5, 8]",2.2647553320
"[1, 2, 3, 4, 7, 8, 5, 6]",6.7082061469
"[1, 2, 3, 4, 7, 8, 6, 5, 9, 10]",2.0186571207
"[1, 2, 3, 4, 7, 8, 6, 5, 9]",3.5829369919
"[1, 2, 3, 4, 7, 8, 6, 5]",15.4036944494
"[1, 2, 3, 4, 7, 8, 9, 5, 6]",2.5537916378
"[1, 2, 3, 4, 7, 8, 9, 6, 5]",4.2832104658
"[1, 2, 3, 4, 7, 9, 8, 5, 6]",4.7275838470
"[1, 2, 3, 4, 7, 9, 8, 6, 5]",5.1366081820
"[1, 2, 3, 4, 8, 5, 6, 7, 9]",3.2413609381
"[1, 2, 3, 4, 8, 5, 6, 7]",7.5738520795
"[1, 2, 3, 4, 8, 5, 7, 6]",3.4407175951
"[1, 2, 3, 4, 8, 6, 5, 7, 9]",3.9008918150
"[1, 2, 3, 4, 8, 6, 5, 7]",5.3632117250
"[1, 2, 3, 4, 8, 6, 7, 5]",6.0905279213
"[1, 2, 3, 4, 8, 6, 7, 9, 5]",2.2884201634
"[1, 2, 3, 4, 8, 7, 5, 6]",7.8922563589
"[1, 2, 3, 4, 8, 7, 6, 5]",9.4430829362
"[1, 2, 3, 4, 8, 9, 7, 5, 6]",3.1043680805
"[1, 2, 3, 4, 9, 8, 6, 5, 7]",2.6973275902
"[1, 2, 3, 4]",2200.6007470877
"[1, 2, 3, 5, 4, 6, 10, 11, 9, 8, 7]",2.1698640392
"[1, 2, 3, 5, 4, 6, 10, 9, 7, 8]",2.4653631940
"[1, 2, 3, 5, 4, 6, 10, 9, 8, 7]",2.9748064681
"[1, 2, 3, 5, 4, 6, 7, 8, 10, 11, 9]",2.7632825639
"[1, 2, 3, 5, 4, 6, 7, 8, 10, 9, 11]",3.5528639092
"[1, 2, 3, 5, 4, 6, 7, 8, 10, 9, 12, 11]",2.0221375722
"[1, 2, 3, 5, 4, 6, 7, 8, 10, 9]",10.9001673976
"[1, 2, 3, 5, 4, 6, 7, 8, 9, 10, 11]",4.2231794464
"[1, 2, 3, 5, 4, 6, 7, 8, 9, 10]",11.3191415706
"[1, 2, 3, 5, 4, 6, 7, 8, 9]",27.1174185007
"[1, 2, 3, 5, 4, 6, 7, 8]",59.7619997296
"[1, 2, 3, 5, 4, 6, 7, 9, 10, 8]",2.2328403843
"[1, 2, 3, 5, 4, 6, 7, 9, 11, 10, 8]",3.0884196237
"[1, 2, 3, 5, 4, 6, 7, 9, 8, 10, 11]",5.2204652854
"[1, 2, 3, 5, 4, 6, 7, 9, 8, 10]",8.9026212693
"[1, 2, 3, 5, 4, 6, 7, 9, 8]",14.5661749140
"[1, 2, 3, 5, 4, 6, 7]",120.1108378173
"[1, 2, 3, 5, 4, 6, 8, 10, 9, 7]",2.4558634703
"[1, 2, 3, 5, 4, 6, 8, 7, 10, 9, 11]",2.7197883278
"[1, 2, 3, 5, 4, 6, 8, 7, 10, 9]",4.6709189251
"[1, 2, 3, 5, 4, 6, 8, 7, 9, 10]",3.7477938918
"[1, 2, 3, 5, 4, 6, 8, 7, 9, 11, 10]",2.3301572230
"[1, 2, 3, 5, 4, 6, 8, 7, 9]",10.7175660756
"[1, 2, 3, 5, 4, 6, 8, 7]",35.0695782383
"[1, 2, 3, 5, 4, 6, 8, 9, 10, 7]",2.2230666248
"[1, 2, 3, 5, 4, 6, 8, 9, 7, 10]",2.6545972723
"[1, 2, 3, 5, 4, 6, 8, 9, 7]",7.5692055208
"[1, 2, 3, 5, 4, 6, 9, 10, 8, 7]",2.1697698876
"[1, 2, 3, 5, 4, 6, 9, 7, 8, 10]",2.1878312220
"[1, 2, 3, 5, 4, 6, 9, 7, 8]",3.2857135207
"[1, 2, 3, 5, 4, 6, 9, 8, 7]",9.0556018768
"[1, 2, 3, 5, 4, 6]",199.8265802853
"[1, 2, 3, 5, 4, 7, 6, 8, 9, 10]",4.8595812633
"[1, 2, 3, 5, 4, 7, 6, 8, 9, 11, 10]",2.2546779747
"[1, 2, 3, 5, 4, 7, 6, 8, 9]",8.0935650872
"[1, 2, 3, 5, 4, 7, 6, 8]",19.1908882942
"[1, 2, 3, 5, 4, 7, 6, 9, 8]",3.1053306559
"[1, 2, 3, 5, 4, 7, 6]",43.5165993506
"[1, 2, 3, 5, 4, 7, 8, 10, 6, 9]",2.6888673646
"[1, 2, 3, 5, 4, 7, 8, 6]",7.8351446312
"[1, 2, 3, 5, 4, 7, 8, 9, 6]",6.5838235736
"[1, 2, 3, 5, 4, 7, 9, 8, 6]",6.5460650937
"[1, 2, 3, 5, 4, 8, 6, 7]",5.1694639821
"[1, 2, 3, 5, 4, 8, 7, 6]",9.4491540505
"[1, 2, 3, 5, 4, 8, 7, 9, 6]",2.7965616256
"[1, 2, 3, 5, 4, 9, 8, 7, 6]",2.1275146986
"[1, 2, 3, 5, 4]",567.0495861330
"[1, 2, 3, 5, 6, 4, 7, 8, 9, 10, 11]",3.7056346824
"[1, 2, 3, 5, 6, 4, 7, 8, 9, 10]",6.5131973439
"[1, 2, 3, 5, 6, 4, 7, 8, 9]",8.4833564952
"[1, 2, 3, 5, 6, 4, 7, 8]",16.9777710149
"[1, 2, 3, 5, 6, 4, 7, 9, 8, 10]",2.0192050053
"[1, 2, 3, 5, 6, 4, 7, 9, 8]",5.5136173222
"[1, 2, 3, 5, 6, 4, 7]",30.7407494188
"[1, 2, 3, 5, 6, 4, 8, 7]",5.4671488972
"[1, 2, 3, 5, 6, 4, 8, 9, 7]",2.2035056475
"[1, 2, 3, 5, 6, 4]",134.6603935880
"[1, 2, 3, 5, 6, 7, 4, 8, 9]",3.6219766483
"[1, 2, 3, 5, 6, 7, 4, 8]",5.1403125816
"[1, 2, 3, 5, 6, 7, 4]",27.4849339292
"[1, 2, 3, 5, 6, 7, 8, 4]",4.8868845607
"[1, 2, 3, 5, 6, 8, 7, 4]",6.3669954679
"[1, 2, 3, 5, 6, 8, 9, 7, 4]",3.6636235341
"[1, 2, 3, 5, 7, 4, 6, 8, 9, 10]",6.3473874592
"[1, 2, 3, 5, 7, 4, 6, 8, 9, 11, 10]",3.9385494024
"[1, 2, 3, 5, 7, 4, 6, 8, 9]",9.0995827254
"[1, 2, 3, 5, 7, 4, 6, 8]",11.2479236802
"[1, 2, 3, 5, 7, 4, 6]",19.4676815101
"[1, 2, 3, 5, 7, 6, 4, 8, 9, 10, 11]",2.5460268046
"[1, 2, 3, 5, 7, 6, 4, 8, 9, 10]",3.9317851536
"[1, 2, 3, 5, 7, 6, 4, 8, 9]",5.7814761448
"[1, 2, 3, 5, 7, 6, 4, 8]",9.3095097110
"[1, 2, 3, 5, 7, 6, 4, 9, 8]",2.3522830459
"[1, 2, 3, 5, 7, 6, 4]",46.2217535847
"[1, 2, 3, 5, 7, 6, 8, 4]",2.3653800860
"[1, 2, 3, 5, 7, 8, 4, 6]",6.2206023076
"[1, 2, 3, 5, 7, 8, 6, 4]",9.6575569579
"[1, 2, 3, 5, 8, 4, 6, 7]",2.0259176137
"[1, 2, 3, 5, 8, 4, 7, 6]",2.3256108833
"[1, 2, 3, 5, 8, 6, 7, 4]",6.1586683432
"[1, 2, 3, 5, 8, 7, 4, 6]",5.8045861088
"[1, 2, 3, 5, 8, 7, 6, 4]",9.8040422387
"[1, 2, 3, 5, 8, 7, 9, 6, 4]",2.2158536507
"[1, 2, 3, 5, 8, 9, 4, 7, 6]",2.9103212168
"[1, 2, 3, 5, 8, 9, 6, 7, 4]",2.8566401517
"[1, 2, 3, 5, 8, 9, 7, 4, 6]",2.7600493623
"[1, 2, 3, 5, 9, 7, 4, 6, 8]",2.7192278235
"[1, 2, 3, 6, 4, 5, 7, 10, 8, 9]",2.1498597174
"[1, 2, 3, 6, 4, 5, 7, 8, 10, 9]",2.0711315681
"[1, 2, 3, 6, 4, 5, 7, 8, 9, 10, 11]",3.2598274207
"[1, 2, 3, 6, 4, 5, 7, 8, 9, 10]",6.2261796224
"[1, 2, 3, 6, 4, 5, 7, 8, 9]",11.1449201826
"[1, 2, 3, 6, 4, 5, 7, 8]",22.0857232766
"[1, 2, 3, 6, 4, 5, 7, 9, 8, 10, 11]",2.3337209390
"[1, 2, 3, 6, 4, 5, 7, 9, 8, 10]",2.9076055082
"[1, 2, 3, 6, 4, 5, 7, 9, 8]",7.7524535141
"[1, 2, 3, 6, 4, 5, 7]",42.9261992334
"[1, 2, 3, 6, 4, 5, 8, 7, 9]",3.6653227774
"[1, 2, 3, 6, 4, 5, 8, 7]",10.9552885952
"[1, 2, 3, 6, 4, 5, 8, 9, 7]",3.1893079330
"[1, 2, 3, 6, 4, 5]",93.4276227109
"[1, 2, 3, 6, 4, 7, 5]",10.3144626300
"[1, 2, 3, 6, 4, 7, 8, 5, 9]",2.6521385637
"[1, 2, 3, 6, 4, 7, 8, 5]",5.4912965498
"[1, 2, 3, 6, 4, 8, 7, 5]",3.6672572441
"[1, 2, 3, 6, 5, 4, 7, 8, 9, 10]",4.4376141778
"[1, 2, 3, 6, 5, 4, 7, 8, 9, 11, 10]",2.7919004784
"[1, 2, 3, 6, 5, 4, 7, 8, 9]",11.3597010727
"[1, 2, 3, 6, 5, 4, 7, 8]",18.3904305736
"[1, 2, 3, 6, 5, 4, 7, 9, 8]",5.5138006791
"[1, 2, 3, 6, 5, 4, 7]",34.7673221459
"[1, 2, 3, 6, 5, 4, 8, 7, 9]",3.3153976087
"[1, 2, 3, 6, 5, 4, 8, 7]",8.6343584557
"[1, 2, 3, 6, 5, 4, 9, 8, 7]",2.9644147150
"[1, 2, 3, 6, 5, 4]",111.7337340479
"[1, 2, 3, 6, 5, 7, 4, 8]",2.4612274109
"[1, 2, 3, 6, 5, 7, 4]",15.3109690303
"[1, 2, 3, 6, 5, 7, 8, 4]",8.5046827882
"[1, 2, 3, 6, 5, 8, 4, 7]",3.1872582338
"[1, 2, 3, 6, 5, 8, 7, 4]",3.6317212044
"[1, 2, 3, 6, 5, 9, 8, 7, 4]",2.0475864807
"[1, 2, 3, 6, 7, 4, 5, 8]",2.7422426418
"[1, 2, 3, 6, 7, 4, 5]",16.3464809658
"[1, 2, 3, 6, 7, 5, 4, 8, 10, 9]",2.3981944771
"[1, 2, 3, 6, 7, 5, 4, 8, 9, 10]",2.2768047583
"[1, 2, 3, 6, 7, 5, 4, 8, 9]",4.6747963847
"[1, 2, 3, 6, 7, 5, 4, 8]",6.2389610046
"[1, 2, 3, 6, 7, 5, 4]",31.6579660578
"[1, 2, 3, 6, 7, 8, 4, 5]",2.5537916378
"[1, 2, 3, 6, 7, 8, 5, 4]",7.4441385242
"[1, 2, 3, 6, 7, 9, 8, 5, 4]",2.2909325310
"[1, 2, 3, 6, 8, 5, 4, 7]",2.2133311155
"[1, 2, 3, 6, 8, 7, 4, 5, 9, 10]",3.6587266649
"[1, 2, 3, 6, 8, 7, 4, 5, 9]",4.1448793621
"[1, 2, 3, 6, 8, 7, 4, 5]",7.5850711465
"[1, 2, 3, 6, 8, 7, 5, 4]",11.0974802711
"[1, 2, 3, 6, 9, 7, 4, 5, 10, 11, 8]",2.3133125964
"[1, 2, 3, 7, 4, 5, 6, 8]",5.1239838004
"[1, 2, 3, 7, 4, 5, 6]",9.4563932537
"[1, 2, 3, 7, 4, 5, 8, 6]",2.6479906628
"[1, 2, 3, 7, 4, 6, 5]",9.2883425076
"[1, 2, 3, 7, 5, 4, 6, 8, 9]",2.1181449897
"[1, 2, 3, 7, 5, 4, 6, 8]",5.3335739748
"[1, 2, 3, 7, 5, 4, 6]",9.8001230411
"[1, 2, 3, 7, 5, 4, 8, 6]",3.1696746609
"[1, 2, 3, 7, 5, 4, 9, 6, 8, 10]",2.2109163542
"[1, 2, 3, 7, 5, 4, 9, 6, 8]",2.2108204213
"[1, 2, 3, 7, 5, 6, 4, 8]",3.2440325476
"[1, 2, 3, 7, 5, 6, 4]",11.5031294978
"[1, 2, 3, 7, 5, 6, 8, 4]",3.7170445741
"[1, 2, 3, 7, 5, 8, 4, 6]",2.7078882630
"[1, 2, 3, 7, 6, 4, 5, 8]",2.4640051284
"[1, 2, 3, 7, 6, 4, 5]",11.2472175716
"[1, 2, 3, 7, 6, 5, 4, 8]",2.8844653744
"[1, 2, 3, 7, 6, 5, 4]",16.3679854487
"[1, 2, 3, 7, 6, 8, 4, 5]",2.4774006476
"[1, 2, 3, 7, 6, 8, 9, 5, 4]",4.4025591243
"[1, 2, 3, 7, 8, 5, 4, 6]",2.2348964089
"[1, 2, 3, 7, 8, 5, 6, 4]",2.4639746721
"[1, 2, 3, 7, 8, 6, 4, 5]",7.3037693638
"[1, 2, 3, 7, 8, 6, 5, 4]",2.5670451658
"[1, 2, 3, 7, 9, 8, 6, 5, 4]",2.0987763707
"[1, 2, 3, 8, 4, 6, 5, 7]",2.0213915546
"[1, 2, 3, 8, 5, 4, 6, 7, 9, 10]",2.1312942235
"[1, 2, 3, 8, 5, 4, 6, 7, 9]",2.1312017455
"[1, 2, 3, 8, 5, 4, 6, 7]",2.1311092715
"[1, 2, 3, 8, 5, 7, 6, 4]",2.4749927388
"[1, 2, 3, 8, 6, 4, 5, 7]",2.3504283873
"[1, 2, 3, 8, 6, 7, 4, 5]",2.2025053671
"[1, 2, 3, 8, 7, 5, 4, 6]",3.9540350076
"[1, 2, 3]",4154.5574982221
"[1, 2, 4, 3, 5, 6, 7, 8, 10, 9]",5.3577788480
"[1, 2, 4, 3, 5, 6, 7, 8, 9, 10, 11, 12]",2.1631140052
"[1, 2, 4, 3, 5, 6, 7, 8, 9, 10, 11]",3.8878566144
"[1, 2, 4, 3, 5, 6, 7, 8, 9, 10]",9.0042625619
"[1, 2, 4, 3, 5, 6, 7, 8, 9, 11, 10]",2.0370659768
"[1, 2, 4, 3, 5, 6, 7, 8, 9]",21.1027980040
"[1, 2, 4, 3, 5, 6, 7, 8]",45.4482042984
"[1, 2, 4, 3, 5, 6, 7, 9, 10, 8]",3.3326297997
"[1, 2, 4, 3, 5, 6, 7, 9, 11, 10, 8]",2.6369332722
"[1, 2, 4, 3, 5, 6, 7, 9, 8, 10]",4.9741404635
"[1, 2, 4, 3, 5, 6, 7, 9, 8, 11, 10]",2.0221375722
"[1, 2, 4, 3, 5, 6, 7, 9, 8]",15.9536087833
"[1, 2, 4, 3, 5, 6, 7]",105.7577967357
"[1, 2, 4, 3, 5, 6, 8, 10, 9, 7]",4.8836588516
"[1, 2, 4, 3, 5, 6, 8, 7, 10, 9]",2.5993647046
"[1, 2, 4, 3, 5, 6, 8, 7, 9, 10]",8.4883342685
"[1, 2, 4, 3, 5, 6, 8, 7, 9, 11, 10]",4.1714089799
"[1, 2, 4, 3, 5, 6, 8, 7, 9]",14.4371055358
"[1, 2, 4, 3, 5, 6, 8, 7]",28.5554782120
"[1, 2, 4, 3, 5, 6, 8, 9, 10, 7]",2.1435614310
"[1, 2, 4, 3, 5, 6, 8, 9, 7]",3.4640596738
"[1, 2, 4, 3, 5, 6, 9, 7, 8, 10]",2.6631672256
"[1, 2, 4, 3, 5, 6, 9, 7, 8]",3.5584217983
"[1, 2, 4, 3, 5, 6, 9, 8, 10, 7]",2.4023754405
"[1, 2, 4, 3, 5, 6, 9, 8, 7]",2.4794724517
"[1, 2, 4, 3, 5, 6]",202.8205903405
"[1, 2, 4, 3, 5, 7, 6, 8, 10, 9]",3.1509938151
"[1, 2, 4, 3, 5, 7, 6, 8, 9, 10]",3.0036983008
"[1, 2, 4, 3, 5, 7, 6, 8, 9]",6.1544250605
"[1, 2, 4, 3, 5, 7, 6, 8]",16.7793028336
"[1, 2, 4, 3, 5, 7, 6, 9, 8, 10]",3.3670532758
"[1, 2, 4, 3, 5, 7, 6, 9, 8]",7.1042400262
"[1, 2, 4, 3, 5, 7, 6]",57.9075900275
"[1, 2, 4, 3, 5, 7, 8, 6, 10, 9]",2.2438761017
"[1, 2, 4, 3, 5, 7, 8, 6, 9, 10]",4.4753713202
"[1, 2, 4, 3, 5, 7, 8, 6, 9, 11, 10]",2.4579674116
"[1, 2, 4, 3, 5, 7, 8, 6, 9]",7.1330460763
"[1, 2, 4, 3, 5, 7, 8, 6]",15.8995449363
"[1, 2, 4, 3, 5, 7, 8, 9, 6]",4.0656117445
"[1, 2, 4, 3, 5, 7, 9, 8, 6]",4.6100695961
"[1, 2, 4, 3, 5, 8, 6, 7, 9, 10]",2.5254219620
"[1, 2, 4, 3, 5, 8, 6, 7, 9]",3.7510054017
"[1, 2, 4, 3, 5, 8, 6, 7]",7.7673616268
"[1, 2, 4, 3, 5, 8, 7, 6, 9]",2.1305671499
"[1, 2, 4, 3, 5, 8, 7, 6]",14.2148324847
"[1, 2, 4, 3, 5, 8, 9, 7, 6]",3.4424558989
"[1, 2, 4, 3, 5, 9, 10, 8, 7, 6]",2.1698640392
"[1, 2, 4, 3, 5, 9, 7, 6, 8]",2.8292276746
"[1, 2, 4, 3, 5, 9, 7, 8, 6]",2.0213596460
"[1, 2, 4, 3, 5, 9, 8, 6, 7]",4.1812529994
"[1, 2, 4, 3, 5, 9, 8, 7, 6]",4.0904355914
"[1, 2, 4, 3, 5]",357.8606888257
"[1, 2, 4, 3, 6, 5, 7, 8, 10, 9, 11]",2.3506675997
"[1, 2, 4, 3, 6, 5, 7, 8, 10, 9]",4.6588729077
"[1, 2, 4, 3, 6, 5, 7, 8, 9]",7.9495683671
"[1, 2, 4, 3, 6, 5, 7, 8]",16.2988210635
"[1, 2, 4, 3, 6, 5, 7, 9, 8]",3.8018893692
"[1, 2, 4, 3, 6, 5, 7]",33.4238238034
"[1, 2, 4, 3, 6, 5, 8, 7, 9]",2.1841482018
"[1, 2, 4, 3, 6, 5, 8, 7]",5.2893840864
"[1, 2, 4, 3, 6, 5]",76.8835619994
"[1, 2, 4, 3, 6, 7, 5, 8]",2.3239793115
"[1, 2, 4, 3, 6, 7, 5]",15.0742782853
"[1, 2, 4, 3, 6, 7, 8, 5, 9]",2.3916527799
"[1, 2, 4, 3, 6, 7, 8, 5]",9.1072906921
"[1, 2, 4, 3, 6, 7, 9, 5, 8]",2.6888673646
"[1, 2, 4, 3, 6, 7, 9, 8, 5]",2.5767827186
"[1, 2, 4, 3, 6, 8, 5, 7]",2.2157760394
"[1, 2, 4, 3, 6, 8, 7, 5]",7.7335046266
"[1, 2, 4, 3, 7, 5, 6, 8, 9]",2.0041989839
"[1, 2, 4, 3, 7, 5, 6, 8]",3.2459790832
"[1, 2, 4, 3, 7, 5, 6]",7.5505296142
"[1, 2, 4, 3, 7, 5, 8, 6]",3.6451716019
"[1, 2, 4, 3, 7, 6, 5, 8]",4.4267775991
"[1, 2, 4, 3, 7, 6, 5]",15.2158577883
"[1, 2, 4, 3, 7, 6, 8, 5]",3.9393208776
"[1, 2, 4, 3, 7, 8, 5, 6]",2.3030201657
"[1, 2, 4, 3, 7, 8, 6, 5]",4.4745839892
"[1, 2, 4, 3, 8, 6, 5, 7]",2.2903089143
"[1, 2, 4, 3, 8, 6, 7, 5]",2.7503268582
"[1, 2, 4, 3, 8, 7, 6, 5]",3.9422449303
"[1, 2, 4, 3]",1058.4536295527
"[1, 2, 4, 5, 3, 6, 7, 8, 9, 10, 11]",2.2512676247
"[1, 2, 4, 5, 3, 6, 7, 8, 9, 10]",4.6156141719
"[1, 2, 4, 5, 3, 6, 7, 8, 9]",11.2049187955
"[1, 2, 4, 5, 3, 6, 7, 8]",20.8939545936
"[1, 2, 4, 5, 3, 6, 7, 9, 10, 8]",2.1045922430
"[1, 2, 4, 5, 3, 6, 7, 9, 8]",5.0957301806
"[1, 2, 4, 5, 3, 6, 7]",39.7156706911
"[1, 2, 4, 5, 3, 6, 8, 7, 9]",2.0192050053
"[1, 2, 4, 5, 3, 6, 8, 7]",10.4848167337
"[1, 2, 4, 5, 3, 6, 8, 9, 10, 7]",2.1014362531
"[1, 2, 4, 5, 3, 6, 8, 9, 7]",2.7226257447
"[1, 2, 4, 5, 3, 6, 9, 7, 8]",2.2320338518
"[1, 2, 4, 5, 3, 6]",65.4666627165
"[1, 2, 4, 5, 3, 7, 6, 8, 9]",2.4943152719
"[1, 2, 4, 5, 3, 7, 6, 8]",4.7913647386
"[1, 2, 4, 5, 3, 7, 6]",12.0330681817
"[1, 2, 4, 5, 3, 7, 8, 6]",4.8509803776
"[1, 2, 4, 5, 3, 7, 9, 8, 6]",3.1111305464
"[1, 2, 4, 5, 3, 8, 7, 6]",2.7625686816
"[1, 2, 4, 5, 3]",288.8355766475
"[1, 2, 4, 5, 6, 3, 7, 8, 9]",2.4701353871
"[1, 2, 4, 5, 6, 3, 7, 8]",4.9717318351
"[1, 2, 4, 5, 6, 3, 7]",10.1885473336
"[1, 2, 4, 5, 6, 3]",58.3647200002
"[1, 2, 4, 5, 6, 7, 3, 8, 9]",2.0918389589
"[1, 2, 4, 5, 6, 7, 3, 8]",2.4715329348
"[1, 2, 4, 5, 6, 7, 3]",11.8988493767
"[1, 2, 4, 5, 6, 7, 8, 3]",2.3689718179
"[1, 2, 4, 5, 6, 8, 7, 3]",4.3221028648
"[1, 2, 4, 5, 6, 8, 9, 7, 3]",2.3960099283
"[1, 2, 4, 5, 7, 3, 6, 8, 9]",3.2587482827
"[1, 2, 4, 5, 7, 3, 6, 8]",3.2586068838
"[1, 2, 4, 5, 7, 3, 6]",4.7128920089
"[1, 2, 4, 5, 7, 6, 3, 8, 9]",2.1416220552
"[1, 2, 4, 5, 7, 6, 3, 8]",2.6437528811
"[1, 2, 4, 5, 7, 6, 3]",17.6281894886
"[1, 2, 4, 5, 7, 8, 3, 6]",2.8780165553
"[1, 2, 4, 5, 7, 8, 6, 3, 9]",2.1041596758
"[1, 2, 4, 5, 7, 8, 6, 3]",7.5996109752
"[1, 2, 4, 5, 8, 6, 7, 3]",4.4504170726
"[1, 2, 4, 5, 8, 7, 6, 3]",5.9286508755
"[1, 2, 4, 6, 3, 5, 7, 8, 10, 9, 11, 12, 13]",2.4268877028
"[1, 2, 4, 6, 3, 5, 7, 8, 10, 9, 11, 12]",2.4267823989
"[1, 2, 4, 6, 3, 5, 7, 8, 10, 9, 11]",2.4266770995
"[1, 2, 4, 6, 3, 5, 7, 8, 10, 9]",6.6160676001
"[1, 2, 4, 6, 3, 5, 7, 8, 9]",9.9394800101
"[1, 2, 4, 6, 3, 5, 7, 8]",13.6078386748
"[1, 2, 4, 6, 3, 5, 7]",16.6230607592
"[1, 2, 4, 6, 3, 5]",36.0687269115
"[1, 2, 4, 6, 3, 7, 5]",2.2412665304
"[1, 2, 4, 6, 5, 3, 7, 8, 9, 10]",3.9487709559
"[1, 2, 4, 6, 5, 3, 7, 8, 9]",6.1187460103
"[1, 2, 4, 6, 5, 3, 7, 8]",7.9683421082
"[1, 2, 4, 6, 5, 3, 7]",12.4346927987
"[1, 2, 4, 6, 5, 3, 8, 7]",2.3522830459
"[1, 2, 4, 6, 5, 3]",87.4191002731
"[1, 2, 4, 6, 5, 7, 3]",3.5536715332
"[1, 2, 4, 6, 5, 7, 9, 8, 3]",2.3994621806
"[1, 2, 4, 6, 7, 3, 5]",7.6403938719
"[1, 2, 4, 6, 7, 5, 3]",16.0074450516
"[1, 2, 4, 6, 8, 7, 3, 5]",2.8624469705
"[1, 2, 4, 6, 8, 7, 5, 3]",5.0884989323
"[1, 2, 4, 6, 9, 7, 8, 3, 5]",2.7052432708
"[1, 2, 4, 6, 9, 8, 7, 5, 3]",2.1462542996
"[1, 2, 4, 7, 3, 5, 6]",5.8158317363
"[1, 2, 4, 7, 3, 6, 5]",3.2535568678
"[1, 2, 4, 7, 5, 3, 6, 8]",2.2157057348
"[1, 2, 4, 7, 5, 3, 6]",7.1187661929
"[1, 2, 4, 7, 5, 6, 3]",10.0355474837
"[1, 2, 4, 7, 5, 6, 9, 8, 3]",2.0909422411
"[1, 2, 4, 7, 6, 3, 5]",11.3492411913
"[1, 2, 4, 7, 6, 5, 3]",16.8310828392
"[1, 2, 4, 7, 6, 8, 5, 3]",2.9748541512
"[1, 2, 4, 7, 8, 3, 6, 5]",2.9103212168
"[1, 2, 4, 7, 8, 5, 6, 3]",3.3505007262
"[1, 2, 4, 7, 8, 6, 3, 5]",3.2917632475
"[1, 2, 4, 7, 8, 6, 5, 3]",5.2357543869
"[1, 2, 4, 8, 3, 5, 6, 7]",2.5118450626
"[1, 2, 4, 8, 6, 3, 5, 7]",3.7251994530
"[1, 2, 4, 8, 6, 7, 5, 3]",2.4700888218
"[1, 2, 4, 8, 7, 6, 3, 5]",2.3751232403
"[1, 2, 4, 8, 7, 6, 5, 3]",3.3996772594
"[1, 2, 4, 8, 9, 7, 5, 6, 3]",2.1002470303
"[1, 2, 5, 3, 4, 6, 7, 8, 10, 9]",2.0387378624
"[1, 2, 5, 3, 4, 6, 7, 8, 9, 10, 11]",3.8154163525
"[1, 2, 5, 3, 4, 6, 7, 8, 9, 10]",6.3811148074
"[1, 2, 5, 3, 4, 6, 7, 8, 9]",10.8214534752
"[1, 2, 5, 3, 4, 6, 7, 8]",19.4245878987
"[1, 2, 5, 3, 4, 6, 7, 9, 8]",3.6308869584
"[1, 2, 5, 3, 4, 6, 7]",38.4259673220
"[1, 2, 5, 3, 4, 6, 8, 7, 9, 10]",2.8469375959
"[1, 2, 5, 3, 4, 6, 8, 7, 9]",3.4207998963
"[1, 2, 5, 3, 4, 6, 8, 7]",10.6567700965
"[1, 2, 5, 3, 4, 6, 9, 7, 8]",2.5816759054
"[1, 2, 5, 3, 4, 6, 9, 8, 7]",2.8303063676
"[1, 2, 5, 3, 4, 6]",68.0249061007
"[1, 2, 5, 3, 4, 7, 6, 8]",4.8260927980
"[1, 2, 5, 3, 4, 7, 6]",15.4479598535
"[1, 2, 5, 3, 4, 7, 8, 6]",5.1841796015
"[1, 2, 5, 3, 4]",162.0047854383
"[1, 2, 5, 3, 6, 4, 7, 8]",2.9931877766
"[1, 2, 5, 3, 6, 4, 7]",4.4827411616
"[1, 2, 5, 3, 6, 4]",22.7955095183
"[1, 2, 5, 3, 6, 7, 4, 8, 9, 10]",2.4415129145
"[1, 2, 5, 3, 6, 7, 4, 8, 9]",3.2956002045
"[1, 2, 5, 3, 6, 7, 4, 8]",4.1620073795
"[1, 2, 5, 3, 6, 7, 4]",8.5115356332
"[1, 2, 5, 3, 7, 4, 6]",4.6894968500
"[1, 2, 5, 3, 7, 6, 4]",7.7001904345
"[1, 2, 5, 4, 3, 6, 7, 8, 10, 9]",3.9357475205
"[1, 2, 5, 4, 3, 6, 7, 8, 9, 10, 11, 12]",2.6075424297
"[1, 2, 5, 4, 3, 6, 7, 8, 9, 10, 11]",3.8424079417
"[1, 2, 5, 4, 3, 6, 7, 8, 9, 10]",6.3017056410
"[1, 2, 5, 4, 3, 6, 7, 8, 9]",10.6806383427
"[1, 2, 5, 4, 3, 6, 7, 8]",18.9750749253
"[1, 2, 5, 4, 3, 6, 7, 9, 8]",3.1755450562
"[1, 2, 5, 4, 3, 6, 7]",32.9385378743
"[1, 2, 5, 4, 3, 6, 8, 7, 9]",2.5408421385
"[1, 2, 5, 4, 3, 6, 8, 7]",10.4672429459
"[1, 2, 5, 4, 3, 6, 9, 7, 8]",2.2242914736
"[1, 2, 5, 4, 3, 6, 9, 8, 7, 10]",2.4263555696
"[1, 2, 5, 4, 3, 6, 9, 8, 7]",4.2479068467
"[1, 2, 5, 4, 3, 6]",65.9781889291
"[1, 2, 5, 4, 3, 7, 6, 8, 9]",2.6112002892
"[1, 2, 5, 4, 3, 7, 6, 8]",6.9617863765
"[1, 2, 5, 4, 3, 7, 6, 9, 8, 10, 11]",2.1892185805
"[1, 2, 5, 4, 3, 7, 6, 9, 8, 10]",2.1891235891
"[1, 2, 5, 4, 3, 7, 6, 9, 8]",3.1391153887
"[1, 2, 5, 4, 3, 7, 6]",17.0691810790
"[1, 2, 5, 4, 3, 8, 7, 6]",5.9984491481
"[1, 2, 5, 4, 3]",231.2812157889
"[1, 2, 5, 4, 6, 3, 7, 8]",2.7000816460
"[1, 2, 5, 4, 6, 3, 7]",5.1480574557
"[1, 2, 5, 4, 6, 3]",26.5769856961
"[1, 2, 5, 4, 6, 7, 3]",9.4132026241
"[1, 2, 5, 4, 7, 3, 6]",4.9937726118
"[1, 2, 5, 4, 7, 6, 3]",6.6603003047
"[1, 2, 5, 4, 8, 7, 6, 3]",2.0475864807
"[1, 2, 5, 6, 3, 4, 7, 8]",5.5232774285
"[1, 2, 5, 6, 3, 4, 7]",9.2344950433
"[1, 2, 5, 6, 3, 4, 8, 7]",3.7116183218
"[1, 2, 5, 6, 3, 4]",37.2279970349
"[1, 2, 5, 6, 3, 7, 4]",2.4459567614
"[1, 2, 5, 6, 4, 3, 7, 8, 9]",3.3169061124
"[1, 2, 5, 6, 4, 3, 7, 8]",8.1162599177
"[1, 2, 5, 6, 4, 3, 7, 9, 8]",4.1802757136
"[1, 2, 5, 6, 4, 3, 7]",11.1745039260
"[1, 2, 5, 6, 4, 3, 8, 7]",2.0200424685
"[1, 2, 5, 6, 4, 3]",66.3042346715
"[1, 2, 5, 6, 4, 7, 3]",3.5175535402
"[1, 2, 5, 6, 7, 3, 4, 8]",2.5426459401
"[1, 2, 5, 6, 7, 3, 4]",9.1867395603
"[1, 2, 5, 6, 7, 4, 3, 8]",2.4042344123
"[1, 2, 5, 6, 7, 4, 3]",13.7981000844
"[1, 2, 5, 6, 7, 8, 3, 4]",2.5194806204
"[1, 2, 5, 6, 8, 7, 3, 4]",2.6103983407
"[1, 2, 5, 6, 8, 7, 4, 3]",3.6458061325
"[1, 2, 5, 6, 9, 8, 7, 4, 3]",2.3343550063
"[1, 2, 5, 7, 3, 4, 6]",2.1692519612
"[1, 2, 5, 7, 3, 6, 4]",2.3739355442
"[1, 2, 5, 7, 4, 3, 6, 8]",3.2082186040
"[1, 2, 5, 7, 4, 3, 6]",4.5188227999
"[1, 2, 5, 7, 4, 6, 3]",3.3128331664
"[1, 2, 5, 7, 6, 3, 4, 8, 9]",3.6587266649
"[1, 2, 5, 7, 6, 3, 4, 8]",4.1448793621
"[1, 2, 5, 7, 6, 3, 4]",11.8153992714
"[1, 2, 5, 7, 6, 4, 3]",21.6972980355
"[1, 2, 5, 7, 6, 8, 4, 3]",2.2382005935
"[1, 2, 5, 7, 8, 6, 3, 4]",2.1365363621
"[1, 2, 5, 7, 8, 6, 4, 3]",3.9130966388
"[1, 2, 5, 8, 6, 3, 4, 9, 10, 7]",2.3133125964
"[1, 2, 5, 8, 6, 7, 4, 3]",2.4188463812
"[1, 2, 5, 8, 7, 6, 3, 4]",4.0876246216
"[1, 2, 6, 3, 4, 5, 7, 8, 9]",2.2416505777
"[1, 2, 6, 3, 4, 5, 7, 8]",4.3199652934
"[1, 2, 6, 3, 4, 5, 7, 9, 8]",2.0785021695
"[1, 2, 6, 3, 4, 5, 7]",8.1736684336
"[1, 2, 6, 3, 4, 5]",16.6453330902
"[1, 2, 6, 3, 4, 7, 5]",3.9110057446
"[1, 2, 6, 3, 5, 4, 7]",2.9878596495
"[1, 2, 6, 3, 5, 4]",16.1950953766
"[1, 2, 6, 4, 3, 5, 7, 8, 9]",2.6847476470
"[1, 2, 6, 4, 3, 5, 7, 8]",4.3429182540
"[1, 2, 6, 4, 3, 5, 7]",8.5070062762
"[1, 2, 6, 4, 3, 5]",22.3350155644
"[1, 2, 6, 4, 3, 7, 5]",6.2849279469
"[1, 2, 6, 4, 3, 8, 5, 7, 9]",2.2109163542
"[1, 2, 6, 4, 3, 8, 5, 7]",2.2108204213
"[1, 2, 6, 4, 5, 3, 7]",3.9829502147
"[1, 2, 6, 4, 5, 3]",22.4097764323
"[1, 2, 6, 4, 5, 7, 3]",4.4263988763
"[1, 2, 6, 4, 5, 8, 7, 3]",2.3940751633
"[1, 2, 6, 4, 7, 3, 5, 8]",2.2588727665
"[1, 2, 6, 4, 7, 3, 5]",4.3268259369
"[1, 2, 6, 4, 7, 5, 3]",4.5463748518
"[1, 2, 6, 5, 3, 4, 7, 8]",4.0777536655
"[1, 2, 6, 5, 3, 4, 7, 9, 8]",2.5038840961
"[1, 2, 6, 5, 3, 4, 7]",6.9836950542
"[1, 2, 6, 5, 3, 4, 8, 7]",2.4905880529
"[1, 2, 6, 5, 3, 4]",28.6541757921
"[1, 2, 6, 5, 3, 7, 4]",2.3213566234
"[1, 2, 6, 5, 4, 3, 7, 8, 10, 9]",2.4960813823
"[1, 2, 6, 5, 4, 3, 7, 8, 9]",3.0018054488
"[1, 2, 6, 5, 4, 3, 7, 8]",5.4895352865
"[1, 2, 6, 5, 4, 3, 7]",8.1921985971
"[1, 2, 6, 5, 4, 3]",42.3978039231
"[1, 2, 6, 5, 7, 3, 4]",3.6334373632
"[1, 2, 6, 5, 7, 8, 4, 3]",5.3111183831
"[1, 2, 6, 7, 3, 4, 5]",3.8283958325
"[1, 2, 6, 7, 3, 5, 4]",3.9361124526
"[1, 2, 6, 7, 4, 3, 5]",4.9946904295
"[1, 2, 6, 7, 4, 5, 3]",5.9666236627
"[1, 2, 6, 7, 5, 3, 4, 8, 9]",2.3276063910
"[1, 2, 6, 7, 5, 3, 4, 8]",2.7012090039
"[1, 2, 6, 7, 5, 3, 4]",11.9943937849
"[1, 2, 6, 7, 5, 4, 3]",13.0841616944
"[1, 2, 6, 7, 8, 5, 3, 4, 9]",2.2182348028
"[1, 2, 6, 7, 8, 5, 3, 4]",2.8992304948
"[1, 2, 6, 8, 7, 4, 3, 5]",3.1263001166
"[1, 2, 6, 8, 7, 5, 3, 4]",2.4485778319
"[1, 2, 6, 8, 7, 5, 4, 3]",5.0176677311
"[1, 2, 7, 3, 4, 5, 6]",2.7472357226
"[1, 2, 7, 3, 5, 4, 6]",2.0213915546
"[1, 2, 7, 3, 6, 4, 5]",2.0066429734
"[1, 2, 7, 4, 3, 5, 6, 8, 9]",2.6917681870
"[1, 2, 7, 4, 3, 5, 6, 8]",2.6916513898
"[1, 2, 7, 4, 3, 5, 6]",2.6915345976
"[1, 2, 7, 4, 3, 6, 5]",2.3757474295
"[1, 2, 7, 4, 5, 6, 3]",2.0899191900
"[1, 2, 7, 4, 6, 5, 3]",3.1410622847
"[1, 2, 7, 5, 3, 4, 6]",3.3269303391
"[1, 2, 7, 5, 3, 6, 4]",4.6874152088
"[1, 2, 7, 5, 4, 3, 6]",2.9897425290
"[1, 2, 7, 5, 6, 3, 4]",4.3512746862
"[1, 2, 7, 5, 6, 4, 3]",3.9286580868
"[1, 2, 7, 6, 3, 4, 5]",7.1666208090
"[1, 2, 7, 6, 3, 5, 4]",2.3684080147
"[1, 2, 7, 6, 4, 3, 5, 8]",2.5216541869
"[1, 2, 7, 6, 4, 3, 5]",7.7931596158
"[1, 2, 7, 6, 4, 5, 3, 8]",2.1813170917
"[1, 2, 7, 6, 4, 5, 3]",3.5906451120
"[1, 2, 7, 6, 5, 3, 4]",5.3759157807
"[1, 2, 7, 6, 5, 4, 3]",6.5767148549
"[1, 2, 7, 8, 5, 6, 4, 3]",2.1268401628
"[1, 2, 7, 8, 6, 4, 3, 5]",3.1691767703
"[1, 2, 7, 8, 6, 5, 4, 3]",2.4723424418
"[1, 2, 7, 9, 8, 6, 5, 4, 3]",2.7207456569
"[1, 2, 8, 7, 3, 4, 5, 6]",2.6134755142
"[1, 2, 8, 7, 4, 3, 6, 5]",2.0273004447
"[1, 2, 8, 7, 6, 3, 5, 4]",2.6333381669
"[1, 2]",7663.4813201056
"[1, 3, 2, 4, 5, 6, 7, 8, 10, 9]",3.6751480631
"[1, 3, 2, 4, 5, 6, 7, 8, 9, 10, 11, 12]",2.1703531252
"[1, 3, 2, 4, 5, 6, 7, 8, 9, 10, 11]",4.2463894467
"[1, 3, 2, 4, 5, 6, 7, 8, 9, 10]",6.8495059858
"[1, 3, 2, 4, 5, 6, 7, 8, 9]",17.8499092531
"[1, 3, 2, 4, 5, 6, 7, 8]",37.1366951923
"[1, 3, 2, 4, 5, 6, 7, 9, 10, 8]",4.8635204496
"[1, 3, 2, 4, 5, 6, 7, 9, 8, 10]",3.3671656848
"[1, 3, 2, 4, 5, 6, 7, 9, 8, 11, 10]",2.4213174416
"[1, 3, 2, 4, 5, 6, 7, 9, 8]",9.6321503453
"[1, 3, 2, 4, 5, 6, 7]",81.6056649847
"[1, 3, 2, 4, 5, 6, 8, 10, 9, 7]",3.5435628204
"[1, 3, 2, 4, 5, 6, 8, 7, 10, 11, 12, 9]",3.3460234582
"[1, 3, 2, 4, 5, 6, 8, 7, 10, 9]",2.0221375722
"[1, 3, 2, 4, 5, 6, 8, 7, 9, 10, 11]",4.5658250618
"[1, 3, 2, 4, 5, 6, 8, 7, 9, 10]",4.5656269482
"[1, 3, 2, 4, 5, 6, 8, 7, 9]",8.1182927524
"[1, 3, 2, 4, 5, 6, 8, 7]",29.5565392770
"[1, 3, 2, 4, 5, 6, 8, 9, 7, 10, 11]",2.4078189194
"[1, 3, 2, 4, 5, 6, 8, 9, 7, 10]",2.4077144429
"[1, 3, 2, 4, 5, 6, 8, 9, 7]",5.4400346905
"[1, 3, 2, 4, 5, 6, 9, 7, 8]",2.2548159929
"[1, 3, 2, 4, 5, 6, 9, 8, 7, 10]",3.2113158824
"[1, 3, 2, 4, 5, 6, 9, 8, 7]",5.4485070425
"[1, 3, 2, 4, 5, 6]",185.0524657980
"[1, 3, 2, 4, 5, 7, 6, 8, 10, 9]",6.5456541687
"[1, 3, 2, 4, 5, 7, 6, 8, 9, 10, 11]",2.9579600425
"[1, 3, 2, 4, 5, 7, 6, 8, 9, 10]",3.8579933254
"[1, 3, 2, 4, 5, 7, 6, 8, 9]",12.8775665267
"[1, 3, 2, 4, 5, 7, 6, 8]",20.8719215195
"[1, 3, 2, 4, 5, 7, 6, 9, 8]",3.0982003487
"[1, 3, 2, 4, 5, 7, 6]",47.3208753458
"[1, 3, 2, 4, 5, 7, 8, 6]",4.3336231452
"[1, 3, 2, 4, 5, 7, 8, 9, 6]",2.1435614310
"[1, 3, 2, 4, 5, 7, 9, 8, 6]",6.6599157063
"[1, 3, 2, 4, 5, 8, 6, 7, 9, 10, 11]",2.1122610051
"[1, 3, 2, 4, 5, 8, 6, 7, 9, 10]",2.1121693530
"[1, 3, 2, 4, 5, 8, 6, 7, 9]",4.3704247543
"[1, 3, 2, 4, 5, 8, 6, 7]",6.9142458610
"[1, 3, 2, 4, 5, 8, 7, 6]",4.9115441768
"[1, 3, 2, 4, 5, 8, 7, 9, 6]",3.9494027441
"[1, 3, 2, 4, 5]",350.0925278378
"[1, 3, 2, 4, 6, 5, 7, 8, 10, 9]",2.9918541889
"[1, 3, 2, 4, 6, 5, 7, 8, 9]",6.4747043810
"[1, 3, 2, 4, 6, 5, 7, 8]",11.0004451190
"[1, 3, 2, 4, 6, 5, 7, 9, 10, 8, 11]",2.0144669887
"[1, 3, 2, 4, 6, 5, 7, 9, 10, 8]",2.0143795799
"[1, 3, 2, 4, 6, 5, 7, 9, 8]",3.6940161230
"[1, 3, 2, 4, 6, 5, 7]",30.6853328730
"[1, 3, 2, 4, 6, 5, 8, 7, 9, 10]",3.7937000513
"[1, 3, 2, 4, 6, 5, 8, 7, 9]",6.9138823542
"[1, 3, 2, 4, 6, 5, 8, 7]",12.0639496906
"[1, 3, 2, 4, 6, 5]",91.9153869211
"[1, 3, 2, 4, 6, 7, 5, 8, 10, 9]",2.4579674116
"[1, 3, 2, 4, 6, 7, 5, 8, 9, 10]",3.6539978003
"[1, 3, 2, 4, 6, 7, 5, 8, 9]",7.7250405773
"[1, 3, 2, 4, 6, 7, 5, 8]",11.3119476064
"[1, 3, 2, 4, 6, 7, 5, 9, 8]",2.2438761017
"[1, 3, 2, 4, 6, 7, 5]",29.1960280762
"[1, 3, 2, 4, 6, 7, 8, 5]",8.4541878509
"[1, 3, 2, 4, 6, 7, 9, 8, 5]",2.7257366395
"[1, 3, 2, 4, 6, 8, 5, 7]",3.0189327262
"[1, 3, 2, 4, 6, 8, 7, 5]",7.3812062447
"[1, 3, 2, 4, 6, 9, 8, 5, 7]",2.1986076132
"[1, 3, 2, 4, 7, 5, 6, 8, 9]",2.5254219620
"[1, 3, 2, 4, 7, 5, 6, 8]",3.7510054017
"[1, 3, 2, 4, 7, 5, 6]",10.0996908797
"[1, 3, 2, 4, 7, 5, 8, 6]",2.5140712112
"[1, 3, 2, 4, 7, 6, 5, 8, 9]",2.0844036926
"[1, 3, 2, 4, 7, 6, 5, 8]",3.9690991239
"[1, 3, 2, 4, 7, 6, 5]",21.7150817051
"[1, 3, 2, 4, 7, 6, 8, 5]",2.1598972391
"[1, 3, 2, 4, 7, 8, 6, 5]",5.6379218419
"[1, 3, 2, 4, 7, 8, 9, 6, 5]",2.0946942570
"[1, 3, 2, 4, 7, 9, 8, 6, 5]",2.6438839392
"[1, 3, 2, 4, 8, 6, 5, 7]",4.3865688671
"[1, 3, 2, 4, 8, 6, 7, 5]",2.0213596460
"[1, 3, 2, 4, 8, 7, 5, 6]",4.1812529994
"[1, 3, 2, 4, 8, 7, 6, 5]",5.6685660582
"[1, 3, 2, 4, 8, 9, 7, 6, 5]",2.8264639706
"[1, 3, 2, 4, 9, 7, 5, 8, 6]",2.4913676303
"[1, 3, 2, 4]",615.8290642924
"[1, 3, 2, 5, 4, 6, 7, 8, 10, 9]",2.6172925657
"[1, 3, 2, 5, 4, 6, 7, 8, 9, 10]",2.4829608429
"[1, 3, 2, 5, 4, 6, 7, 8, 9]",6.0685585239
"[1, 3, 2, 5, 4, 6, 7, 8]",14.5408650066
"[1, 3, 2, 5, 4, 6, 7, 9, 8, 10]",2.8494815991
"[1, 3, 2, 5, 4, 6, 7, 9, 8]",6.8866755759
"[1, 3, 2, 5, 4, 6, 7]",27.7273565946
"[1, 3, 2, 5, 4, 6, 8, 7, 9]",2.1295895982
"[1, 3, 2, 5, 4, 6, 8, 7]",6.7048028690
"[1, 3, 2, 5, 4, 6, 9, 8, 7]",2.5343788749
"[1, 3, 2, 5, 4, 6]",53.4262447727
"[1, 3, 2, 5, 4, 7, 6, 8]",3.1349360837
"[1, 3, 2, 5, 4, 7, 6, 9, 8]",2.7225242772
"[1, 3, 2, 5, 4, 7, 6]",10.6516059269
"[1, 3, 2, 5, 4, 7, 8, 6]",2.8349319253
"[1, 3, 2, 5, 4, 8, 7, 6]",3.2114346456
"[1, 3, 2, 5, 4]",127.1642957629
"[1, 3, 2, 5, 6, 4, 7, 8]",2.5531389238
"[1, 3, 2, 5, 6, 4, 7]",6.5236649240
"[1, 3, 2, 5, 6, 4]",30.7145662205
"[1, 3, 2, 5, 6, 7, 4, 8]",2.3916527799
"[1, 3, 2, 5, 6, 7, 4]",14.8020323008
"[1, 3, 2, 5, 6, 7, 9, 8, 4]",2.2382470460
"[1, 3, 2, 5, 6, 8, 4, 7]",3.4243622715
"[1, 3, 2, 5, 6, 8, 7, 4]",4.7342884297
"[1, 3, 2, 5, 7, 4, 6]",3.8410100585
"[1, 3, 2, 5, 7, 6, 4]",13.7739466338
"[1, 3, 2, 5, 7, 6, 8, 4]",2.5745002089
"[1, 3, 2, 5, 7, 8, 6, 4]",3.7186499665
"[1, 3, 2, 5, 8, 6, 4, 7]",2.1647584891
"[1, 3, 2, 6, 4, 5, 7, 8]",2.9440758349
"[1, 3, 2, 6, 4, 5, 7]",4.6900040398
"[1, 3, 2, 6, 4, 5]",13.2509430830
"[1, 3, 2, 6, 4, 7, 5]",4.1445486700
"[1, 3, 2, 6, 5, 4, 7]",4.8683712024
"[1, 3, 2, 6, 5, 4]",23.7560574761
"[1, 3, 2, 6, 5, 7, 4]",5.2823718333
"[1, 3, 2, 6, 7, 4, 5]",5.3792010637
"[1, 3, 2, 6, 7, 5, 4]",8.8023863673
"[1, 3, 2, 6, 7, 8, 4, 5]",2.3689928871
"[1, 3, 2, 6, 7, 9, 8, 5, 4]",2.0948228221
"[1, 3, 2, 6, 8, 7, 5, 4]",2.4912588436
"[1, 3, 2, 7, 5, 4, 6]",2.9869434098
"[1, 3, 2, 7, 5, 6, 4]",4.8711710987
"[1, 3, 2, 7, 6, 5, 4]",6.6416033494
"[1, 3, 2, 7, 8, 6, 5, 4]",2.0705681036
"[1, 3, 2, 8, 6, 5, 7, 4]",2.1547955063
"[1, 3, 2, 8, 7, 6, 5, 4]",2.9356792393
"[1, 3, 2]",1818.9291564552
"[1, 3, 4, 2, 5, 6, 7, 8, 10, 9]",3.4368807867
"[1, 3, 4, 2, 5, 6, 7, 8, 9, 10, 11]",2.6932057362
"[1, 3, 4, 2, 5, 6, 7, 8, 9, 10]",3.8881062268
"[1, 3, 4, 2, 5, 6, 7, 8, 9]",7.9169218521
"[1, 3, 4, 2, 5, 6, 7, 8]",16.1743299180
"[1, 3, 4, 2, 5, 6, 7, 9, 8, 10, 11, 12]",2.2703745049
"[1, 3, 4, 2, 5, 6, 7, 9, 8, 10, 11]",2.2702759921
"[1, 3, 4, 2, 5, 6, 7, 9, 8, 10]",2.6566115318
"[1, 3, 4, 2, 5, 6, 7, 9, 8]",3.3824474495
"[1, 3, 4, 2, 5, 6, 7]",37.4400424836
"[1, 3, 4, 2, 5, 6, 8, 7, 9, 10]",2.7107678964
"[1, 3, 4, 2, 5, 6, 8, 7, 9]",5.2351465785
"[1, 3, 4, 2, 5, 6, 8, 7]",12.4757568007
"[1, 3, 4, 2, 5, 6, 8, 9, 7]",2.1045922430
"[1, 3, 4, 2, 5, 6, 9, 8, 7]",2.5756229618
"[1, 3, 4, 2, 5, 6]",67.8235030683
"[1, 3, 4, 2, 5, 7, 6, 8]",2.8987105741
"[1, 3, 4, 2, 5, 7, 6]",12.8891769473
"[1, 3, 4, 2, 5, 7, 8, 6]",5.3772488834
"[1, 3, 4, 2, 5, 7, 8, 9, 6]",2.1014362531
"[1, 3, 4, 2, 5, 7, 9, 8, 6]",2.1275190179
"[1, 3, 4, 2, 5, 8, 6, 7]",3.1198984377
"[1, 3, 4, 2, 5]",115.7008595209
"[1, 3, 4, 2, 6, 5, 7, 8, 9]",2.4835945552
"[1, 3, 4, 2, 6, 5, 7, 8]",5.1621519397
"[1, 3, 4, 2, 6, 5, 7, 9, 8]",2.2861612756
"[1, 3, 4, 2, 6, 5, 7]",9.0789859640
"[1, 3, 4, 2, 6, 5]",21.4955971209
"[1, 3, 4, 2, 6, 7, 5]",9.1765053638
"[1, 3, 4, 2, 6, 8, 7, 5]",3.1111305464
"[1, 3, 4, 2, 7, 5, 6]",2.4548328091
"[1, 3, 4, 2, 7, 6, 5]",4.3183636158
"[1, 3, 4, 2, 7, 8, 6, 5]",2.9114086911
"[1, 3, 4, 2]",485.0137804418
"[1, 3, 4, 5, 2, 6, 7, 8, 9]",5.2492154263
"[1, 3, 4, 5, 2, 6, 7, 8]",6.4242591175
"[1, 3, 4, 5, 2, 6, 7]",10.6273935005
"[1, 3, 4, 5, 2, 6, 8, 7]",3.4202362580
"[1, 3, 4, 5, 2, 6]",20.6725424510
"[1, 3, 4, 5, 2, 7, 6]",4.6870423882
"[1, 3, 4, 5, 2]",106.0096333804
"[1, 3, 4, 5, 6, 2, 7, 8]",2.0918389589
"[1, 3, 4, 5, 6, 2, 7]",2.4715329348
"[1, 3, 4, 5, 6, 2]",16.5537508442
"[1, 3, 4, 5, 6, 7, 2]",3.8970021418
"[1, 3, 4, 5, 7, 6, 2]",7.8706678463
"[1, 3, 4, 5, 7, 6, 8, 2]",2.2426703172
"[1, 3, 4, 5, 7, 8, 6, 2]",2.8895277524
"[1, 3, 4, 6, 2, 5, 7, 8]",3.9758394562
"[1, 3, 4, 6, 2, 5, 7, 9, 8]",2.5636671331
"[1, 3, 4, 6, 2, 5, 7]",3.9756669424
"[1, 3, 4, 6, 2, 5]",10.2534800098
"[1, 3, 4, 6, 5, 2, 7, 8]",3.0356722094
"[1, 3, 4, 6, 5, 2, 7]",3.9121007929
"[1, 3, 4, 6, 5, 2]",36.3658660454
"[1, 3, 4, 6, 7, 2, 5]",2.8780165553
"[1, 3, 4, 6, 7, 5, 2, 8]",2.1041596758
"[1, 3, 4, 6, 7, 5, 2]",8.2481691594
"[1, 3, 4, 6, 8, 7, 2, 5]",2.2075020784
"[1, 3, 4, 6, 8, 7, 5, 2]",3.1403168776
"[1, 3, 4, 7, 5, 2, 6, 8]",2.1086598909
"[1, 3, 4, 7, 5, 2, 6]",2.6463615964
"[1, 3, 4, 7, 5, 6, 2]",5.7718391221
"[1, 3, 4, 7, 6, 5, 2]",11.7577539472
"[1, 3, 4, 7, 8, 5, 6, 2]",2.2066696772
"[1, 3, 4, 7, 8, 6, 5, 2]",3.8716985810
"[1, 3, 5, 2, 4, 6, 7, 10, 9, 8]",2.2283791990
"[1, 3, 5, 2, 4, 6, 7, 8]",12.7323227654
"[1, 3, 5, 2, 4, 6, 7, 9, 8, 10, 11, 12]",2.4268877028
"[1, 3, 5, 2, 4, 6, 7, 9, 8, 10, 11]",2.4267823989
"[1, 3, 5, 2, 4, 6, 7, 9, 8, 10]",2.4266770995
"[1, 3, 5, 2, 4, 6, 7, 9, 8]",7.9987299707
"[1, 3, 5, 2, 4, 6, 7]",18.5682148686
"[1, 3, 5, 2, 4, 6, 8, 9, 7]",2.2337276043
"[1, 3, 5, 2, 4, 6]",26.1412711261
"[1, 3, 5, 2, 4, 7, 6]",2.5826593307
"[1, 3, 5, 2, 4]",60.6782832166
"[1, 3, 5, 2, 6, 4]",3.1153481291
"[1, 3, 5, 2, 7, 6, 4]",2.9076986823
"[1, 3, 5, 4, 2, 6, 7, 8, 10, 9]",2.2837570158
"[1, 3, 5, 4, 2, 6, 7, 8, 9, 10]",3.2435473138
"[1, 3, 5, 4, 2, 6, 7, 8, 9]",6.5185097859
"[1, 3, 5, 4, 2, 6, 7, 8]",8.6883733380
"[1, 3, 5, 4, 2, 6, 7]",11.6099566501
"[1, 3, 5, 4, 2, 6]",20.1995230469
"[1, 3, 5, 4, 2, 7, 6]",4.2765744950
"[1, 3, 5, 4, 2]",159.2449000073
"[1, 3, 5, 4, 6, 2]",11.8678697893
"[1, 3, 5, 4, 6, 7, 2]",2.0359168639
"[1, 3, 5, 4, 6, 8, 7, 2]",4.0030830543
"[1, 3, 5, 4, 7, 6, 2]",3.2714944013
"[1, 3, 5, 6, 2, 4, 7, 8]",2.1562178840
"[1, 3, 5, 6, 2, 4, 7]",3.1681395374
"[1, 3, 5, 6, 2, 4]",13.3793646409
"[1, 3, 5, 6, 2, 7, 4]",2.4009595380
"[1, 3, 5, 6, 4, 2]",34.1170160305
"[1, 3, 5, 6, 7, 4, 2]",6.9511223312
"[1, 3, 5, 6, 9, 8, 7, 4, 2]",2.1895800132
"[1, 3, 5, 7, 2, 4, 6]",2.1080126248
"[1, 3, 5, 7, 2, 6, 4]",4.0513268518
"[1, 3, 5, 7, 4, 6, 2]",3.2624627336
"[1, 3, 5, 7, 6, 2, 4]",3.5727252720
"[1, 3, 5, 7, 6, 4, 2]",12.2836276131
"[1, 3, 5, 7, 8, 6, 4, 2]",2.6092283803
"[1, 3, 5, 8, 6, 7, 2, 4]",2.7052432708
"[1, 3, 5, 8, 7, 6, 4, 2]",2.1462542996
"[1, 3, 6, 2, 4, 5, 7]",3.0454429980
"[1, 3, 6, 2, 4, 5]",7.8855652939
"[1, 3, 6, 2, 5, 4]",6.0422439494
"[1, 3, 6, 4, 2, 5, 7, 8]",2.8689661205
"[1, 3, 6, 4, 2, 5, 7]",4.1874152564
"[1, 3, 6, 4, 2, 5]",12.4414490158
"[1, 3, 6, 4, 5, 2, 7]",3.2776614181
"[1, 3, 6, 4, 5, 2]",22.2240139063
"[1, 3, 6, 4, 5, 7, 2]",2.7606028083
"[1, 3, 6, 4, 5, 8, 7, 2]",2.5406769269
"[1, 3, 6, 4, 8, 7, 5, 2]",2.1497032737
"[1, 3, 6, 5, 2, 4, 7]",3.0761662898
"[1, 3, 6, 5, 2, 4]",21.9747323976
"[1, 3, 6, 5, 2, 7, 4]",2.2399856768
"[1, 3, 6, 5, 4, 2, 7, 8]",2.1796061395
"[1, 3, 6, 5, 4, 2, 7]",4.7205611211
"[1, 3, 6, 5, 4, 2]",34.7626349505
"[1, 3, 6, 5, 4, 7, 2]",2.1599456948
"[1, 3, 6, 5, 7, 4, 2]",3.7716519089
"[1, 3, 6, 5, 8, 7, 4, 2]",2.5859047976
"[1, 3, 6, 7, 2, 4, 5]",2.7894556451
"[1, 3, 6, 7, 2, 5, 4]",2.9103212168
"[1, 3, 6, 7, 4, 2, 5]",2.7340118383
"[1, 3, 6, 7, 4, 5, 2]",7.9545463929
"[1, 3, 6, 7, 5, 2, 4]",8.2173355459
"[1, 3, 6, 7, 5, 4, 2]",7.4128423919
"[1, 3, 6, 7, 8, 5, 4, 2]",3.2665662299
"[1, 3, 6, 8, 7, 4, 5, 2]",2.0423069910
"[1, 3, 6, 8, 7, 5, 4, 2]",3.9152059603
"[1, 3, 7, 2, 4, 5, 6]",2.5118450626
"[1, 3, 7, 4, 6, 5, 2]",2.0251360048
"[1, 3, 7, 5, 2, 4, 6]",7.4149795829
"[1, 3, 7, 5, 2, 6, 4]",2.1446796037
"[1, 3, 7, 5, 6, 4, 2]",2.4700888218
"[1, 3, 7, 6, 2, 4, 5]",4.8354861178
"[1, 3, 7, 6, 4, 2, 5]",4.3417902131
"[1, 3, 7, 6, 4, 5, 2]",2.2330570407
"[1, 3, 7, 6, 5, 2, 4]",5.5599892087
"[1, 3, 7, 6, 5, 4, 2]",6.6268680015
"[1, 3, 7, 8, 6, 4, 5, 2]",2.1002470303
"[1, 3, 7, 8, 6, 5, 4, 2]",2.5315478563
"[1, 4, 2, 3, 5, 6, 7, 10, 8, 9]",2.0612503430
"[1, 4, 2, 3, 5, 6, 7, 8, 10, 9]",3.8526427158
"[1, 4, 2, 3, 5, 6, 7, 8, 9, 10, 11]",2.2719359681
"[1, 4, 2, 3, 5, 6, 7, 8, 9, 10]",5.3191420954
"[1, 4, 2, 3, 5, 6, 7, 8, 9]",10.7591374396
"[1, 4, 2, 3, 5, 6, 7, 8]",17.6380586629
"[1, 4, 2, 3, 5, 6, 7, 9, 8]",4.4776162069
"[1, 4, 2, 3, 5, 6, 7]",37.3739052776
"[1, 4, 2, 3, 5, 6, 8, 7, 9]",2.0294644447
"[1, 4, 2, 3, 5, 6, 8, 7]",9.6022657976
"[1, 4, 2, 3, 5, 6, 9, 7, 8, 10]",2.1858365500
"[1, 4, 2, 3, 5, 6, 9, 7, 8]",3.0906419451
"[1, 4, 2, 3, 5, 6]",66.1765642915
"[1, 4, 2, 3, 5, 7, 6, 8, 9]",2.8469375959
"[1, 4, 2, 3, 5, 7, 6, 8]",4.5813623116
"[1, 4, 2, 3, 5, 7, 6]",13.1176275126
"[1, 4, 2, 3, 5, 7, 8, 6]",3.7797840099
"[1, 4, 2, 3, 5, 8, 6, 7]",2.5816759054
"[1, 4, 2, 3, 5, 8, 7, 6, 9]",2.0940496790
"[1, 4, 2, 3, 5, 8, 7, 6]",3.5929382846
"[1, 4, 2, 3, 5]",114.2580706812
"[1, 4, 2, 3, 6, 5, 7, 8, 9, 10]",2.0417711203
"[1, 4, 2, 3, 6, 5, 7, 8, 9]",2.8561503216
"[1, 4, 2, 3, 6, 5, 7, 8]",3.6451170374
"[1, 4, 2, 3, 6, 5, 7]",10.7905049277
"[1, 4, 2, 3, 6, 5, 8, 7, 9]",2.3254029946
"[1, 4, 2, 3, 6, 5, 8, 7]",3.5059011907
"[1, 4, 2, 3, 6, 5]",28.7046199973
"[1, 4, 2, 3, 6, 7, 5]",11.1704483069
"[1, 4, 2, 3, 6, 7, 8, 5]",3.3065458519
"[1, 4, 2, 3, 7, 5, 6, 8]",2.0213512031
"[1, 4, 2, 3, 7, 5, 6]",3.7104415429
"[1, 4, 2, 3, 7, 8, 5, 6]",2.0410603102
"[1, 4, 2, 3, 7, 8, 6, 5]",3.0181710022
"[1, 4, 2, 3]",272.2969735313
"[1, 4, 2, 5, 3, 6, 7]",2.9931877766
"[1, 4, 2, 5, 3, 6]",7.4596191223
"[1, 4, 2, 5, 3]",39.6209728330
"[1, 4, 2, 5, 6, 3, 7, 8, 9]",2.4415129145
"[1, 4, 2, 5, 6, 3, 7, 8]",3.2956002045
"[1, 4, 2, 5, 6, 3, 7]",4.1620073795
"[1, 4, 2, 5, 6, 3]",11.9911766049
"[1, 4, 2, 5, 7, 6, 3]",3.2059397779
"[1, 4, 2, 6, 3, 5]",6.8043015367
"[1, 4, 2, 6, 5, 3]",11.1528721310
"[1, 4, 3, 2, 5, 6, 7, 10, 8, 9]",2.3309917757
"[1, 4, 3, 2, 5, 6, 7, 8, 9, 10, 11]",3.0658664977
"[1, 4, 3, 2, 5, 6, 7, 8, 9, 10]",4.9505661271
"[1, 4, 3, 2, 5, 6, 7, 8, 9]",9.9956882167
"[1, 4, 3, 2, 5, 6, 7, 8]",17.4805211553
"[1, 4, 3, 2, 5, 6, 7, 9, 8]",6.0556692198
"[1, 4, 3, 2, 5, 6, 7]",28.6832588592
"[1, 4, 3, 2, 5, 6, 8, 7]",3.1755450562
"[1, 4, 3, 2, 5, 6]",54.6183484221
"[1, 4, 3, 2, 5, 7, 6, 8, 9]",2.9664010916
"[1, 4, 3, 2, 5, 7, 6, 8]",3.7403732322
"[1, 4, 3, 2, 5, 7, 6]",15.7366791695
"[1, 4, 3, 2, 5, 7, 8, 6]",3.8857779719
"[1, 4, 3, 2, 5, 8, 6, 7]",4.0227649854
"[1, 4, 3, 2, 5, 8, 7, 6, 9]",2.4263555696
"[1, 4, 3, 2, 5, 8, 7, 6]",5.5075941277
"[1, 4, 3, 2, 5]",105.2021364211
"[1, 4, 3, 2, 6, 5, 7, 8, 9]",2.6666205918
"[1, 4, 3, 2, 6, 5, 7, 8]",5.9390506259
"[1, 4, 3, 2, 6, 5, 7, 9, 8]",3.2726877438
"[1, 4, 3, 2, 6, 5, 7]",11.9291268358
"[1, 4, 3, 2, 6, 5, 8, 7, 9, 10]",2.1892185805
"[1, 4, 3, 2, 6, 5, 8, 7, 9]",2.1891235891
"[1, 4, 3, 2, 6, 5, 8, 7]",3.7944060485
"[1, 4, 3, 2, 6, 5]",27.1188036583
"[1, 4, 3, 2, 6, 7, 5]",4.1951562986
"[1, 4, 3, 2, 6, 8, 7, 5]",2.0586922571
"[1, 4, 3, 2, 7, 5, 6, 8]",2.7161815459
"[1, 4, 3, 2, 7, 5, 6]",3.2419038643
"[1, 4, 3, 2, 7, 6, 5, 8, 9]",2.0320361603
"[1, 4, 3, 2, 7, 6, 5, 8]",2.0319479892
"[1, 4, 3, 2, 7, 6, 5]",8.7129409476
"[1, 4, 3, 2]",415.8782937437
"[1, 4, 3, 5, 2, 6, 7, 8]",2.0059278149
"[1, 4, 3, 5, 2, 6, 7]",4.2566778710
"[1, 4, 3, 5, 2, 6]",8.6347825611
"[1, 4, 3, 5, 2]",46.6746479858
"[1, 4, 3, 5, 6, 2]",13.3487728882
"[1, 4, 3, 5, 6, 7, 2]",4.9916620057
"[1, 4, 3, 5, 7, 6, 2]",3.7005020755
"[1, 4, 3, 5, 7, 8, 6, 2]",2.3605267298
"[1, 4, 3, 6, 2, 5]",6.1489980126
"[1, 4, 3, 6, 5, 2]",13.0512004901
"[1, 4, 3, 6, 7, 5, 2]",2.3807033448
"[1, 4, 3, 6, 8, 7, 5, 2]",3.0034152913
"[1, 4, 3, 7, 5, 2, 6]",2.4504889128
"[1, 4, 3, 7, 6, 5, 2]",4.1939135405
"[1, 4, 5, 2, 3, 6, 7, 8]",3.3798607712
"[1, 4, 5, 2, 3, 6, 7]",8.0898741182
"[1, 4, 5, 2, 3, 6]",14.3828512309
"[1, 4, 5, 2, 3, 7, 6]",5.3838584785
"[1, 4, 5, 2, 3]",59.7321175563
"[1, 4, 5, 2, 6, 3]",7.0401568066
"[1, 4, 5, 2, 6, 7, 3]",2.7937323164
"[1, 4, 5, 3, 2, 6, 7, 8, 9]",2.1649731925
"[1, 4, 5, 3, 2, 6, 7, 8]",5.1136509191
"[1, 4, 5, 3, 2, 6, 7, 9, 8]",2.2207716672
"[1, 4, 5, 3, 2, 6, 7]",12.9074460145
"[1, 4, 5, 3, 2, 6, 8, 7, 9]",2.3588386080
"[1, 4, 5, 3, 2, 6, 8, 7]",6.5414966401
"[1, 4, 5, 3, 2, 6]",18.7094940564
"[1, 4, 5, 3, 2, 7, 6, 8]",2.2417244287
"[1, 4, 5, 3, 2, 7, 6]",4.2260301136
"[1, 4, 5, 3, 2]",106.1423044829
"[1, 4, 5, 3, 6, 2]",6.6092734387
"[1, 4, 5, 3, 6, 7, 2]",2.3927849515
"[1, 4, 5, 6, 2, 3, 7]",3.2635120079
"[1, 4, 5, 6, 2, 3]",18.1290401469
"[1, 4, 5, 6, 3, 2, 7]",2.4042344123
"[1, 4, 5, 6, 3, 2]",20.3186495351
"[1, 4, 5, 6, 7, 2, 3]",2.5194806204
"[1, 4, 5, 7, 2, 3, 6]",3.5684036317
"[1, 4, 5, 7, 6, 2, 3]",9.2028786250
"[1, 4, 5, 7, 6, 3, 2]",6.1739279168
"[1, 4, 5, 8, 7, 6, 3, 2]",3.2526473475
"[1, 4, 6, 2, 3, 5]",5.7001395387
"[1, 4, 6, 2, 5, 3]",4.4268692952
"[1, 4, 6, 3, 2, 5, 7, 8]",2.4422036911
"[1, 4, 6, 3, 2, 5, 7]",5.0321747204
"[1, 4, 6, 3, 2, 5]",6.7592589253
"[1, 4, 6, 3, 5, 2]",6.9746280651
"[1, 4, 6, 5, 2, 3, 7, 8]",4.3481440847
"[1, 4, 6, 5, 2, 3, 7]",4.8342668677
"[1, 4, 6, 5, 2, 3]",18.1910280215
"[1, 4, 6, 5, 3, 2, 7, 8]",2.5650474884
"[1, 4, 6, 5, 3, 2, 7]",4.2238586671
"[1, 4, 6, 5, 3, 2]",34.2808428640
"[1, 4, 6, 5, 7, 2, 3]",2.1549747151
"[1, 4, 6, 5, 7, 3, 2]",5.6174925614
"[1, 4, 6, 7, 3, 2, 5]",2.1792439587
"[1, 4, 6, 7, 3, 5, 2]",2.0233735404
"[1, 4, 6, 7, 5, 2, 3]",4.4747875565
"[1, 4, 6, 7, 5, 3, 2]",8.3708320489
"[1, 4, 6, 8, 7, 5, 2, 3]",4.1767473121
"[1, 4, 6, 8, 7, 5, 3, 2]",2.0400846413
"[1, 4, 7, 5, 2, 3, 8, 9, 6]",2.3133125964
"[1, 4, 7, 5, 2, 6, 3]",2.3151874080
"[1, 4, 7, 5, 3, 2, 6, 8]",2.3870981039
"[1, 4, 7, 5, 3, 2, 6]",3.2728195933
"[1, 4, 7, 5, 6, 2, 3]",3.2141902234
"[1, 4, 7, 5, 6, 3, 2]",4.9270693924
"[1, 4, 7, 6, 3, 5, 2]",2.4635161051
"[1, 4, 7, 6, 5, 2, 3]",5.2580772370
"[1, 4, 7, 6, 5, 3, 2]",4.9777503823
"[1, 4, 7, 8, 6, 5, 2, 3]",2.8749428221
"[1, 5, 2, 3, 4, 6, 7, 8, 9]",2.1059304615
"[1, 5, 2, 3, 4, 6, 7, 8]",4.2131818088
"[1, 5, 2, 3, 4, 6, 7]",10.6111775502
"[1, 5, 2, 3, 4, 6, 8, 7]",3.6275118396
"[1, 5, 2, 3, 4, 6]",16.7179092732
"[1, 5, 2, 3, 4, 7, 6]",2.1044158933
"[1, 5, 2, 3, 4, 7, 8, 6]",2.0613745519
"[1, 5, 2, 3, 4]",32.9714159383
"[1, 5, 2, 3, 6, 4]",5.3562102810
"[1, 5, 2, 4, 3, 6, 7]",2.3188202049
"[1, 5, 2, 4, 3, 6]",5.6889886424
"[1, 5, 2, 4, 3, 7, 6]",2.0021824888
"[1, 5, 2, 4, 3]",24.5660331866
"[1, 5, 2, 4, 6, 3]",2.5679305387
"[1, 5, 2, 6, 3, 4]",5.1266504138
"[1, 5, 2, 6, 4, 3]",2.1907582347
"[1, 5, 3, 2, 4, 6, 7, 8, 9]",2.1673069660
"[1, 5, 3, 2, 4, 6, 7, 8]",4.0503744293
"[1, 5, 3, 2, 4, 6, 7]",7.6615293406
"[1, 5, 3, 2, 4, 6, 8, 7]",3.0371028972
"[1, 5, 3, 2, 4, 6]",15.0695398648
"[1, 5, 3, 2, 4, 7, 6]",3.8146149165
"[1, 5, 3, 2, 4]",41.3904472954
"[1, 5, 3, 2, 6, 4]",8.0994593803
"[1, 5, 3, 2, 7, 4, 6, 8]",2.2109163542
"[1, 5, 3, 2, 7, 4, 6]",2.2108204213
"[1, 5, 3, 4, 2, 6]",5.0553733655
"[1, 5, 3, 4, 2, 7, 6, 8]",2.3521560152
"[1, 5, 3, 4, 2, 7, 6]",2.3520539539
"[1, 5, 3, 4, 2]",42.4106454951
"[1, 5, 3, 4, 6, 2]",4.9639354469
"[1, 5, 3, 4, 7, 6, 2]",3.8252523225
"[1, 5, 3, 6, 2, 4, 7]",2.2588727665
"[1, 5, 3, 6, 2, 4]",6.3393501286
"[1, 5, 3, 6, 4, 2]",8.8255239707
"[1, 5, 3, 6, 7, 4, 2]",2.1520366198
"[1, 5, 4, 2, 3, 6, 7, 8]",4.0704452050
"[1, 5, 4, 2, 3, 6, 7]",9.3146263898
"[1, 5, 4, 2, 3, 6, 8, 7]",3.3661209371
"[1, 5, 4, 2, 3, 6]",21.3944021586
"[1, 5, 4, 2, 3, 7, 6, 8]",3.0569279321
"[1, 5, 4, 2, 3, 7, 6]",6.2548318545
"[1, 5, 4, 2, 3]",59.9983106975
"[1, 5, 4, 2, 6, 3]",3.5076420005
"[1, 5, 4, 3, 2, 6, 7, 8]",5.0524170121
"[1, 5, 4, 3, 2, 6, 7, 9, 8]",2.9330811499
"[1, 5, 4, 3, 2, 6, 7]",9.7633014757
"[1, 5, 4, 3, 2, 6, 8, 7]",3.7357379012
"[1, 5, 4, 3, 2, 6]",15.3930632552
"[1, 5, 4, 3, 2, 7, 6]",3.3664464547
"[1, 5, 4, 3, 2]",82.8160102981
"[1, 5, 4, 3, 6, 2]",4.0916248729
"[1, 5, 4, 6, 2, 3]",6.9699532369
"[1, 5, 4, 6, 3, 2]",4.5108004600
"[1, 5, 4, 6, 7, 3, 2]",6.6737188468
"[1, 5, 6, 2, 3, 4]",4.4653520151
"[1, 5, 6, 2, 4, 3]",5.1962588818
"[1, 5, 6, 3, 2, 4, 7]",2.4733676525
"[1, 5, 6, 3, 2, 4]",9.3249437423
"[1, 5, 6, 3, 4, 2]",9.6398201032
"[1, 5, 6, 4, 2, 3, 7, 8]",2.3276063910
"[1, 5, 6, 4, 2, 3, 7]",2.7012090039
"[1, 5, 6, 4, 2, 3]",17.2681460154
"[1, 5, 6, 4, 3, 2, 7]",2.9117446372
"[1, 5, 6, 4, 3, 2]",22.3467827080
"[1, 5, 6, 7, 3, 4, 2]",3.0975797378
"[1, 5, 6, 7, 4, 2, 3, 8]",2.2182348028
"[1, 5, 6, 7, 4, 2, 3]",4.6236640140
"[1, 5, 7, 6, 3, 2, 4]",5.8276793179
"[1, 5, 7, 6, 3, 4, 2]",2.8581360591
"[1, 5, 7, 6, 4, 2, 3]",3.1165286428
"[1, 5, 7, 6, 4, 3, 2]",5.3905290820
"[1, 5, 7, 8, 6, 4, 2, 3]",2.0849881778
"[1, 6, 2, 3, 4, 5]",4.4656457621
"[1, 6, 2, 3, 5, 4]",2.6532217073
"[1, 6, 2, 4, 3, 5]",2.7112578430
"[1, 6, 2, 4, 5, 3]",2.6899937676
"[1, 6, 2, 5, 3, 4]",3.4577090479
"[1, 6, 3, 2, 4, 5, 7, 8]",2.6917681870
"[1, 6, 3, 2, 4, 5, 7]",2.6916513898
"[1, 6, 3, 2, 4, 5]",3.5938079055
"[1, 6, 3, 2, 5, 4]",3.1542366243
"[1, 6, 3, 4, 2, 5]",4.4156725675
"[1, 6, 3, 4, 5, 2]",2.5366198702
"[1, 6, 3, 5, 2, 4, 7]",3.2190846893
"[1, 6, 3, 5, 2, 4]",4.6852253551
"[1, 6, 3, 5, 4, 2]",4.4319868148
"[1, 6, 3, 7, 2, 4, 5]",2.2610988164
"[1, 6, 4, 2, 3, 5, 7]",3.4475057365
"[1, 6, 4, 2, 3, 5]",5.6986225985
"[1, 6, 4, 2, 5, 3]",6.4930396061
"[1, 6, 4, 3, 2, 5]",4.6796468558
"[1, 6, 4, 3, 5, 2]",3.7051139772
"[1, 6, 4, 5, 2, 3]",6.7111404959
"[1, 6, 4, 5, 3, 2]",8.9296615319
"[1, 6, 5, 2, 3, 4, 7, 8]",2.8740777568
"[1, 6, 5, 2, 3, 4, 7]",3.6563271999
"[1, 6, 5, 2, 3, 4]",10.0577823504
"[1, 6, 5, 2, 3, 7, 4]",2.5634012307
"[1, 6, 5, 2, 4, 3]",5.3656319930
"[1, 6, 5, 3, 2, 4, 7]",3.8117548852
"[1, 6, 5, 3, 2, 4]",13.0915431158
"[1, 6, 5, 3, 4, 2, 7]",2.1813170917
"[1, 6, 5, 3, 4, 2]",7.1952364746
"[1, 6, 5, 4, 2, 3, 7]",2.0748268685
"[1, 6, 5, 4, 2, 3]",11.5619152612
"[1, 6, 5, 4, 3, 2, 7]",2.8223990061
"[1, 6, 5, 4, 3, 2]",14.7864204597
"[1, 6, 5, 7, 8, 4, 3, 2]",2.6444831467
"[1, 6, 7, 3, 2, 4, 5]",2.1790809663
"[1, 6, 7, 4, 5, 3, 2]",3.6984907941
"[1, 6, 7, 5, 2, 4, 3]",2.7891827655
"[1, 6, 7, 5, 3, 2, 4]",3.1691767703
"[1, 6, 7, 5, 4, 2, 3]",3.4427250887
"[1, 6, 7, 5, 4, 3, 2]",2.8594141976
"[1, 6, 8, 7, 5, 4, 3, 2]",2.7207456569
"[1, 7, 5, 6, 4, 2, 3]",4.2946141355
"[1, 7, 6, 2, 3, 4, 5]",2.6134755142
"[1, 7, 6, 3, 2, 4, 5]",2.1743135851
"[1, 7, 6, 3, 2, 5, 4]",2.0273004447
"[1, 7, 6, 5, 2, 4, 3]",3.3705264735
"[1, 7, 6, 5, 3, 2, 4]",2.4638223367
"[1, 7, 6, 5, 3, 4, 2]",2.7073070819
"[1, 7, 6, 5, 4, 3, 2]",2.6339345678
"[10, 11, 9, 8, 7, 6, 2, 1, 3, 5, 4]",2.6326089916
"[10, 11, 9, 8, 7, 6, 5, 4, 3, 2, 1]",4.0688321097
"[10, 8, 5, 7, 9, 6, 4, 3, 1, 2]",2.3467802154
"[10, 8, 7, 9, 6, 5, 4, 3, 2, 1]",5.4671500351
"[10, 8, 9, 7, 5, 6, 4, 3, 2, 1]",2.1507491357
"[10, 8, 9, 7, 6, 3, 4, 5, 1, 2]",2.1538028920
"[10, 8, 9, 7, 6, 4, 5, 3, 1, 2]",2.4173182098
"[10, 8, 9, 7, 6, 5, 2, 1, 3, 4]",3.4817791106
"[10, 8, 9, 7, 6, 5, 4, 2, 1, 3]",3.8735197450
"[10, 8, 9, 7, 6, 5, 4, 3, 1, 2]",2.2516470306
"[10, 8, 9, 7, 6, 5, 4, 3, 2, 1]",2.7146923812
"[10, 9, 6, 7, 8, 5, 4, 3, 2, 1]",2.2140165255
"[10, 9, 6, 8, 7, 5, 3, 1, 2, 4]",2.2895718967
"[10, 9, 6, 8, 7, 5, 3, 4, 2, 1]",2.0477151382
"[10, 9, 6, 8, 7, 5, 4, 3, 2, 1]",2.2275259528
"[10, 9, 7, 6, 8, 5, 4, 3, 2, 1]",4.5683402578
"[10, 9, 7, 8, 6, 5, 1, 2, 3, 4]",2.7174387459
"[10, 9, 7, 8, 6, 5, 3, 4, 2, 1]",3.8953511094
"[10, 9, 7, 8, 6, 5, 4, 1, 2, 3]",2.0146605375
"[10, 9, 7, 8, 6, 5, 4, 2, 3, 1]",3.0779228452
"[10, 9, 7, 8, 6, 5, 4, 3, 1, 2]",2.6535838576
"[10, 9, 7, 8, 6, 5, 4, 3, 2, 1]",2.9238373802
"[10, 9, 8, 4, 2, 1, 3, 6, 7, 5]",2.6774976403
"[10, 9, 8, 5, 7, 6, 4, 3, 1, 2]",2.8703233802
"[10, 9, 8, 5, 7, 6, 4, 3, 2, 1]",2.5665626463
"[10, 9, 8, 6, 5, 7, 4, 2, 1, 3]",2.2444068753
"[10, 9, 8, 6, 5, 7, 4, 3, 2, 1]",2.4846206870
"[10, 9, 8, 6, 7, 4, 2, 1, 5, 3]",2.1459677024
"[10, 9, 8, 6, 7, 5, 3, 4, 2, 1]",4.0805800758
"[10, 9, 8, 6, 7, 5, 4, 1, 3, 2]",2.6726505639
"[10, 9, 8, 6, 7, 5, 4, 3, 1, 2]",4.5719095385
"[10, 9, 8, 6, 7, 5, 4, 3, 2, 1]",4.0916905787
"[10, 9, 8, 7, 4, 6, 5, 3, 2, 1]",4.2692286837
"[10, 9, 8, 7, 5, 4, 2, 1, 3, 6]",2.5525545196
"[10, 9, 8, 7, 5, 4, 6, 3, 2, 1]",3.1089943148
"[10, 9, 8, 7, 5, 6, 4, 2, 1, 3]",2.5986946258
"[10, 9, 8, 7, 5, 6, 4, 3, 2, 1]",4.5038816537
"[10, 9, 8, 7, 6, 2, 1, 3, 4, 5]",2.0386195324
"[10, 9, 8, 7, 6, 2, 1, 3, 5, 4]",3.1575828356
"[10, 9, 8, 7, 6, 3, 4, 5, 2, 1]",2.0444002622
"[10, 9, 8, 7, 6, 4, 1, 2, 3, 5]",3.7765286818
"[10, 9, 8, 7, 6, 4, 3, 5, 2, 1]",2.2965683576
"[10, 9, 8, 7, 6, 4, 5, 1, 2, 3]",2.1690006915
"[10, 9, 8, 7, 6, 4, 5, 2, 1, 3]",2.3631051360
"[10, 9, 8, 7, 6, 4, 5, 3, 1, 2]",2.3386885625
"[10, 9, 8, 7, 6, 4, 5, 3, 2, 1]",4.9940152860
"[10, 9, 8, 7, 6, 5, 1, 4, 3, 2]",2.2979799567
"[10, 9, 8, 7, 6, 5, 2, 1, 3, 4]",3.3798234576
"[10, 9, 8, 7, 6, 5, 2, 3, 4, 1]",2.4407126358
"[10, 9, 8, 7, 6, 5, 3, 1, 2, 4]",3.1695630238
"[10, 9, 8, 7, 6, 5, 3, 4, 2, 1]",4.3489897614
"[10, 9, 8, 7, 6, 5, 4, 1, 2, 3]",4.0270715972
"[10, 9, 8, 7, 6, 5, 4, 2, 1, 3]",5.2770118041
"[10, 9, 8, 7, 6, 5, 4, 2, 3, 1]",5.4727425080
"[10, 9, 8, 7, 6, 5, 4, 3, 1, 2]",6.4646388132
"[10, 9, 8, 7, 6, 5, 4, 3, 2, 1]",13.3000332457
"[11, 10, 8, 7, 9, 6, 5, 4, 3, 2, 1]",3.5189306933
"[11, 10, 8, 9, 7, 6, 5, 4, 2, 1, 3]",2.3294199708
"[11, 10, 9, 6, 8, 7, 5, 3, 1, 2, 4]",2.2895718967
"[11, 10, 9, 7, 6, 8, 5, 4, 3, 2, 1]",2.4847285007
"[11, 10, 9, 7, 8, 6, 5, 4, 2, 3, 1]",2.4698110324
"[11, 10, 9, 8, 5, 7, 6, 4, 3, 2, 1]",2.5665626463
"[11, 10, 9, 8, 7, 6, 4, 5, 3, 2, 1]",3.1264265611
"[11, 10, 9, 8, 7, 6, 5, 2, 3, 4, 1]",2.4407126358
"[11, 10, 9, 8, 7, 6, 5, 3, 4, 2, 1]",3.3848454777
"[11, 10, 9, 8, 7, 6, 5, 4, 1, 2, 3]",3.5496047776
"[11, 10, 9, 8, 7, 6, 5, 4, 2, 1, 3]",2.9862718248
"[11, 10, 9, 8, 7, 6, 5, 4, 3, 1, 2]",3.3907747111
"[11, 10, 9, 8, 7, 6, 5, 4, 3, 2, 1]",5.5705220735
"[11, 12, 10, 9, 8, 7, 6, 5, 4, 3, 2, 1]",2.1712623344
"[11, 9, 10, 8, 7, 6, 5, 2, 1, 3, 4]",2.7691047604
"[11, 9, 8, 10, 7, 6, 5, 4, 3, 2, 1]",2.1597285557
"[12, 11, 10, 8, 7, 9, 6, 5, 4, 3, 2, 1]",2.4848363191
"[12, 11, 10, 9, 8, 7, 6, 4, 5, 3, 2, 1]",2.1622404409
"[12, 11, 10, 9, 8, 7, 6, 5, 2, 3, 4, 1]",2.4407126358
"[12, 11, 10, 9, 8, 7, 6, 5, 4, 1, 2, 3]",2.2462025015
"[12, 11, 10, 9, 8, 7, 6, 5, 4, 3, 2, 1]",2.2853659492
"[2, 1, 3, 4, 5, 6, 7, 10, 8, 9, 11]",2.9115189868
"[2, 1, 3, 4, 5, 6, 7, 10, 8, 9]",4.8272494821
"[2, 1, 3, 4, 5, 6, 7, 10, 9, 8]",2.5769166594
"[2, 1, 3, 4, 5, 6, 7, 8, 10, 11, 9]",2.5142258541
"[2, 1, 3, 4, 5, 6, 7, 8, 10, 9]",7.3887925317
"[2, 1, 3, 4, 5, 6, 7, 8, 11, 9, 10]",3.2129780330
"[2, 1, 3, 4, 5, 6, 7, 8, 9, 10, 11, 12]",3.3512829531
"[2, 1, 3, 4, 5, 6, 7, 8, 9, 10, 11]",7.6748204808
"[2, 1, 3, 4, 5, 6, 7, 8, 9, 10, 12, 11]",3.1347741148
"[2, 1, 3, 4, 5, 6, 7, 8, 9, 10, 13, 12, 11]",2.0772272668
"[2, 1, 3, 4, 5, 6, 7, 8, 9, 10]",17.0500089973
"[2, 1, 3, 4, 5, 6, 7, 8, 9, 11, 10]",4.7963718913
"[2, 1, 3, 4, 5, 6, 7, 8, 9]",31.6745064693
"[2, 1, 3, 4, 5, 6, 7, 8]",68.3309795764
"[2, 1, 3, 4, 5, 6, 7, 9, 10, 8]",3.8379745853
"[2, 1, 3, 4, 5, 6, 7, 9, 8, 10, 11]",4.0158275077
"[2, 1, 3, 4, 5, 6, 7, 9, 8, 10]",6.8459340649
"[2, 1, 3, 4, 5, 6, 7, 9, 8]",18.2891409663
"[2, 1, 3, 4, 5, 6, 7]",138.1668216943
"[2, 1, 3, 4, 5, 6, 8, 7, 10, 9, 11]",2.4889349389
"[2, 1, 3, 4, 5, 6, 8, 7, 10, 9]",4.6485071701
"[2, 1, 3, 4, 5, 6, 8, 7, 9, 10, 11]",3.8737686197
"[2, 1, 3, 4, 5, 6, 8, 7, 9, 10]",8.0804198030
"[2, 1, 3, 4, 5, 6, 8, 7, 9, 11, 10]",2.3270884992
"[2, 1, 3, 4, 5, 6, 8, 7, 9]",14.4375462619
"[2, 1, 3, 4, 5, 6, 8, 7]",38.9307463677
"[2, 1, 3, 4, 5, 6, 8, 9, 10, 7]",2.3232883401
"[2, 1, 3, 4, 5, 6, 8, 9, 7, 10]",2.6171026135
"[2, 1, 3, 4, 5, 6, 8, 9, 7]",12.4241143872
"[2, 1, 3, 4, 5, 6, 9, 10, 8, 7]",2.9405620446
"[2, 1, 3, 4, 5, 6, 9, 7, 8]",3.2160626102
"[2, 1, 3, 4, 5, 6, 9, 8, 7, 10]",3.8699534828
"[2, 1, 3, 4, 5, 6, 9, 8, 7, 11, 10]",2.1688895553
"[2, 1, 3, 4, 5, 6, 9, 8, 7]",7.9483572745
"[2, 1, 3, 4, 5, 6]",264.7148670883
"[2, 1, 3, 4, 5, 7, 10, 9, 8, 6]",2.5113514619
"[2, 1, 3, 4, 5, 7, 6, 8, 10, 9]",2.1849897749
"[2, 1, 3, 4, 5, 7, 6, 8, 9, 10, 11]",2.9903538435
"[2, 1, 3, 4, 5, 7, 6, 8, 9, 10]",8.3921725974
"[2, 1, 3, 4, 5, 7, 6, 8, 9]",11.4307854653
"[2, 1, 3, 4, 5, 7, 6, 8]",21.6858024373
"[2, 1, 3, 4, 5, 7, 6, 9, 10, 11, 8]",3.3460234582
"[2, 1, 3, 4, 5, 7, 6, 9, 8]",4.4747598754
"[2, 1, 3, 4, 5, 7, 6]",73.2038815727
"[2, 1, 3, 4, 5, 7, 8, 6, 9, 10, 11, 12, 13]",2.1770871872
"[2, 1, 3, 4, 5, 7, 8, 6, 9, 10, 11, 12]",2.7474280084
"[2, 1, 3, 4, 5, 7, 8, 6, 9, 10, 11]",3.1893816942
"[2, 1, 3, 4, 5, 7, 8, 6, 9, 10]",4.1535900612
"[2, 1, 3, 4, 5, 7, 8, 6, 9]",4.6537412368
"[2, 1, 3, 4, 5, 7, 8, 6]",16.5869749884
"[2, 1, 3, 4, 5, 7, 9, 6, 8]",3.3250984140
"[2, 1, 3, 4, 5, 7, 9, 8, 6, 10]",2.2455413881
"[2, 1, 3, 4, 5, 7, 9, 8, 6]",9.1864790331
"[2, 1, 3, 4, 5, 8, 10, 9, 6, 7]",3.6552782331
"[2, 1, 3, 4, 5, 8, 10, 9, 7, 6]",2.0837927051
"[2, 1, 3, 4, 5, 8, 6, 7, 9]",4.8578347491
"[2, 1, 3, 4, 5, 8, 6, 7]",10.7953336432
"[2, 1, 3, 4, 5, 8, 7, 6, 10, 9]",2.2060663138
"[2, 1, 3, 4, 5, 8, 7, 6, 9]",4.7309281510
"[2, 1, 3, 4, 5, 8, 7, 6]",12.7456076824
"[2, 1, 3, 4, 5, 8, 9, 7, 6]",2.6652412745
"[2, 1, 3, 4, 5, 9, 8, 6, 7]",3.2571530376
"[2, 1, 3, 4, 5]",532.4065731667
"[2, 1, 3, 4, 6, 5, 7, 10, 9, 8]",3.5823081799
"[2, 1, 3, 4, 6, 5, 7, 8, 10, 9]",4.8304820145
"[2, 1, 3, 4, 6, 5, 7, 8, 9, 10]",5.3899525094
"[2, 1, 3, 4, 6, 5, 7, 8, 9, 11, 10]",2.9842594644
"[2, 1, 3, 4, 6, 5, 7, 8, 9]",12.3858035071
"[2, 1, 3, 4, 6, 5, 7, 8]",33.3526926136
"[2, 1, 3, 4, 6, 5, 7, 9, 8]",12.2864196419
"[2, 1, 3, 4, 6, 5, 7]",54.0191909720
"[2, 1, 3, 4, 6, 5, 8, 10, 9, 7]",2.8947359973
"[2, 1, 3, 4, 6, 5, 8, 7, 9]",2.5564386665
"[2, 1, 3, 4, 6, 5, 8, 7]",12.0980683969
"[2, 1, 3, 4, 6, 5, 8, 9, 7]",2.0921655775
"[2, 1, 3, 4, 6, 5, 9, 7, 8]",2.5869452550
"[2, 1, 3, 4, 6, 5, 9, 8, 7]",3.2550627218
"[2, 1, 3, 4, 6, 5]",141.5631072250
"[2, 1, 3, 4, 6, 7, 5, 8, 10, 9]",2.6065203023
"[2, 1, 3, 4, 6, 7, 5, 8, 9]",5.1658211907
"[2, 1, 3, 4, 6, 7, 5, 8]",7.3515046801
"[2, 1, 3, 4, 6, 7, 5]",25.5684436353
"[2, 1, 3, 4, 6, 7, 8, 5]",5.7665037003
"[2, 1, 3, 4, 6, 7, 9, 8, 5]",2.5110176937
"[2, 1, 3, 4, 6, 8, 5, 7]",4.9024708093
"[2, 1, 3, 4, 6, 8, 7, 5, 9]",3.3502716468
"[2, 1, 3, 4, 6, 8, 7, 5]",15.5631689862
"[2, 1, 3, 4, 6, 8, 9, 5, 7]",2.3311450983
"[2, 1, 3, 4, 6, 8, 9, 7, 5]",2.2025004199
"[2, 1, 3, 4, 6, 9, 7, 8, 5]",2.1319065360
"[2, 1, 3, 4, 7, 5, 6, 8, 9, 10, 11, 12]",2.0137274224
"[2, 1, 3, 4, 7, 5, 6, 8, 9, 10, 11]",2.4906512870
"[2, 1, 3, 4, 7, 5, 6, 8, 9, 10]",5.2758660840
"[2, 1, 3, 4, 7, 5, 6, 8, 9]",7.7578132870
"[2, 1, 3, 4, 7, 5, 6, 8]",11.0902351956
"[2, 1, 3, 4, 7, 5, 6, 9, 8]",2.1802345652
"[2, 1, 3, 4, 7, 5, 6]",20.1757694964
"[2, 1, 3, 4, 7, 6, 5, 8, 9, 10]",2.3414925715
"[2, 1, 3, 4, 7, 6, 5, 8, 9]",2.9017190367
"[2, 1, 3, 4, 7, 6, 5, 8]",8.0011624257
"[2, 1, 3, 4, 7, 6, 5]",25.2812952053
"[2, 1, 3, 4, 7, 6, 8, 5]",4.7083703112
"[2, 1, 3, 4, 7, 6, 8, 9, 5]",4.1784828691
"[2, 1, 3, 4, 7, 8, 5, 6]",3.8285554311
"[2, 1, 3, 4, 7, 8, 6, 5]",3.4356234242
"[2, 1, 3, 4, 7, 9, 8, 6, 5]",3.4708850993
"[2, 1, 3, 4, 8, 5, 7, 6]",3.6864634213
"[2, 1, 3, 4, 8, 6, 7, 5]",2.2242317095
"[2, 1, 3, 4, 8, 7, 5, 6]",2.9385647056
"[2, 1, 3, 4, 8, 7, 6, 5]",3.7859850220
"[2, 1, 3, 4, 8, 7, 9, 10, 6, 5]",2.8151688362
"[2, 1, 3, 4, 8, 9, 7, 5, 6]",2.3892168724
"[2, 1, 3, 4]",986.9199743919
"[2, 1, 3, 5, 4, 6, 7, 8, 9, 10, 11]",2.8741641470
"[2, 1, 3, 5, 4, 6, 7, 8, 9, 10]",4.7553775050
"[2, 1, 3, 5, 4, 6, 7, 8, 9]",9.0237628901
"[2, 1, 3, 5, 4, 6, 7, 8]",21.1251455083
"[2, 1, 3, 5, 4, 6, 7, 9, 8]",7.7965611534
"[2, 1, 3, 5, 4, 6, 7]",44.4807385187
"[2, 1, 3, 5, 4, 6, 8, 10, 9, 7]",2.1542061258
"[2, 1, 3, 5, 4, 6, 8, 7, 9, 10]",2.4066311687
"[2, 1, 3, 5, 4, 6, 8, 7, 9]",3.9643866433
"[2, 1, 3, 5, 4, 6, 8, 7]",13.2628091984
"[2, 1, 3, 5, 4, 6, 8, 9, 7, 10, 11]",2.0719818151
"[2, 1, 3, 5, 4, 6, 8, 9, 7, 10]",3.1757286784
"[2, 1, 3, 5, 4, 6, 8, 9, 7]",3.6787089105
"[2, 1, 3, 5, 4, 6, 9, 7, 8]",2.6422307681
"[2, 1, 3, 5, 4, 6, 9, 8, 7]",3.6092681906
"[2, 1, 3, 5, 4, 6]",82.5068522603
"[2, 1, 3, 5, 4, 7, 6, 8, 10, 9]",2.2070387436
"[2, 1, 3, 5, 4, 7, 6, 8, 9]",5.5666936486
"[2, 1, 3, 5, 4, 7, 6, 8]",9.4609670563
"[2, 1, 3, 5, 4, 7, 6]",20.6360742824
"[2, 1, 3, 5, 4, 7, 8, 6]",4.9641181906
"[2, 1, 3, 5, 4, 8, 7, 6]",4.4333050625
"[2, 1, 3, 5, 4]",260.7543715545
"[2, 1, 3, 5, 6, 4, 7, 8, 10, 9]",3.0908785803
"[2, 1, 3, 5, 6, 4, 7, 8, 9, 10]",3.5354039935
"[2, 1, 3, 5, 6, 4, 7, 8, 9]",8.1748659664
"[2, 1, 3, 5, 6, 4, 7, 8]",14.5987908737
"[2, 1, 3, 5, 6, 4, 7, 9, 8]",2.8503320564
"[2, 1, 3, 5, 6, 4, 7]",20.2744242449
"[2, 1, 3, 5, 6, 4, 8, 7]",2.7737474387
"[2, 1, 3, 5, 6, 4]",71.7987601244
"[2, 1, 3, 5, 6, 7, 4]",16.4957529644
"[2, 1, 3, 5, 6, 7, 8, 4]",4.0927178369
"[2, 1, 3, 5, 6, 8, 7, 4]",7.1356846806
"[2, 1, 3, 5, 7, 4, 6, 8, 9, 10]",2.6774020187
"[2, 1, 3, 5, 7, 4, 6, 8, 9, 11, 10]",2.6775181977
"[2, 1, 3, 5, 7, 4, 6, 8, 9]",2.6772858448
"[2, 1, 3, 5, 7, 4, 6, 8]",2.6771696760
"[2, 1, 3, 5, 7, 4, 6]",7.5730190794
"[2, 1, 3, 5, 7, 6, 4, 8]",2.1334366111
"[2, 1, 3, 5, 7, 6, 4]",24.2562952366
"[2, 1, 3, 5, 7, 8, 6, 4]",3.7952173738
"[2, 1, 3, 5, 7, 9, 8, 6, 4]",3.2281355912
"[2, 1, 3, 5, 8, 7, 4, 6]",2.7383177455
"[2, 1, 3, 5, 8, 7, 6, 4]",2.4370116030
"[2, 1, 3, 6, 4, 5, 7, 8, 9]",2.7952307652
"[2, 1, 3, 6, 4, 5, 7, 8]",5.4243239275
"[2, 1, 3, 6, 4, 5, 7]",11.1201884964
"[2, 1, 3, 6, 4, 5, 8, 7]",4.1019376411
"[2, 1, 3, 6, 4, 5]",38.1836521182
"[2, 1, 3, 6, 4, 7, 5]",4.6659224330
"[2, 1, 3, 6, 5, 4, 7, 10, 9, 8]",2.6885813185
"[2, 1, 3, 6, 5, 4, 7, 8, 9, 10, 11]",2.0760221365
"[2, 1, 3, 6, 5, 4, 7, 8, 9, 10]",3.2735397111
"[2, 1, 3, 6, 5, 4, 7, 8, 9]",3.7198270711
"[2, 1, 3, 6, 5, 4, 7, 8]",7.5107836984
"[2, 1, 3, 6, 5, 4, 7, 9, 8]",2.6884646596
"[2, 1, 3, 6, 5, 4, 7]",19.1548782747
"[2, 1, 3, 6, 5, 4, 8, 7, 9]",2.4257714610
"[2, 1, 3, 6, 5, 4, 8, 7]",6.4323307955
"[2, 1, 3, 6, 5, 4, 9, 8, 7]",2.2520730193
"[2, 1, 3, 6, 5, 4]",63.4066028077
"[2, 1, 3, 6, 5, 7, 4]",5.0255768594
"[2, 1, 3, 6, 7, 4, 5]",6.8033493294
"[2, 1, 3, 6, 7, 5, 4]",13.8872259165
"[2, 1, 3, 6, 7, 8, 4, 5]",3.6341611448
"[2, 1, 3, 6, 7, 8, 5, 4]",4.4128020779
"[2, 1, 3, 6, 8, 7, 4, 5]",4.2303281249
"[2, 1, 3, 6, 8, 7, 5, 4]",6.4169326258
"[2, 1, 3, 7, 4, 5, 6, 8, 9]",2.4442330245
"[2, 1, 3, 7, 4, 5, 6, 8]",3.0496846332
"[2, 1, 3, 7, 4, 5, 6]",5.0015931106
"[2, 1, 3, 7, 4, 6, 5]",4.2427479692
"[2, 1, 3, 7, 5, 4, 6]",7.3403951963
"[2, 1, 3, 7, 5, 6, 4]",4.8076266575
"[2, 1, 3, 7, 5, 8, 6, 4]",2.0226308103
"[2, 1, 3, 7, 6, 4, 5]",8.1341171755
"[2, 1, 3, 7, 6, 5, 4, 8, 9]",2.4098202932
"[2, 1, 3, 7, 6, 5, 4, 8]",3.0208961358
"[2, 1, 3, 7, 6, 5, 4]",13.3954020150
"[2, 1, 3, 7, 8, 6, 5, 4]",6.0060878134
"[2, 1, 3, 8, 6, 4, 7, 5]",2.4913676303
"[2, 1, 3, 8, 7, 4, 5, 6]",3.1165096496
"[2, 1, 3, 8, 7, 5, 6, 4]",2.1468669212
"[2, 1, 3, 8, 7, 6, 4, 5]",2.2766943963
"[2, 1, 3, 8, 7, 6, 5, 4]",2.5838827808
"[2, 1, 3]",1744.2816483642
"[2, 1, 4, 3, 5, 6, 7, 10, 9, 8, 11]",2.5125622102
"[2, 1, 4, 3, 5, 6, 7, 10, 9, 8]",2.5124531887
"[2, 1, 4, 3, 5, 6, 7, 8, 9, 10]",2.8530340438
"[2, 1, 4, 3, 5, 6, 7, 8, 9]",5.2111913655
"[2, 1, 4, 3, 5, 6, 7, 8]",15.2362545308
"[2, 1, 4, 3, 5, 6, 7, 9, 8]",6.0824401379
"[2, 1, 4, 3, 5, 6, 7]",34.3562710618
"[2, 1, 4, 3, 5, 6, 8, 7, 9, 10]",2.9804687303
"[2, 1, 4, 3, 5, 6, 8, 7, 9]",4.2424143246
"[2, 1, 4, 3, 5, 6, 8, 7]",11.9769538998
"[2, 1, 4, 3, 5, 6, 9, 8, 7]",2.0295150128
"[2, 1, 4, 3, 5, 6]",73.0560735758
"[2, 1, 4, 3, 5, 7, 6, 8, 9, 10]",2.1621172004
"[2, 1, 4, 3, 5, 7, 6, 8, 9]",3.1588342370
"[2, 1, 4, 3, 5, 7, 6, 8]",8.9887605637
"[2, 1, 4, 3, 5, 7, 6, 9, 8]",3.2680861259
"[2, 1, 4, 3, 5, 7, 6]",22.0253591351
"[2, 1, 4, 3, 5, 7, 8, 6]",2.5988700676
"[2, 1, 4, 3, 5, 7, 8, 9, 6]",2.6792217792
"[2, 1, 4, 3, 5, 8, 7, 6]",4.2825166199
"[2, 1, 4, 3, 5]",140.1093173177
"[2, 1, 4, 3, 6, 5, 7, 8, 9, 10]",3.5857054180
"[2, 1, 4, 3, 6, 5, 7, 8, 9, 11, 10]",2.6172925657
"[2, 1, 4, 3, 6, 5, 7, 8, 9]",4.8698241883
"[2, 1, 4, 3, 6, 5, 7, 8]",7.8264085152
"[2, 1, 4, 3, 6, 5, 7, 9, 8]",2.1219977679
"[2, 1, 4, 3, 6, 5, 7]",13.2513135919
"[2, 1, 4, 3, 6, 5, 8, 7]",4.6311813795
"[2, 1, 4, 3, 6, 5]",31.7872754786
"[2, 1, 4, 3, 6, 7, 5]",7.6142347177
"[2, 1, 4, 3, 6, 7, 9, 8, 5]",2.1575057111
"[2, 1, 4, 3, 6, 8, 7, 5]",4.6699829545
"[2, 1, 4, 3, 7, 5, 6]",2.9098226696
"[2, 1, 4, 3, 7, 6, 5]",6.7286555499
"[2, 1, 4, 3, 7, 8, 5, 6]",2.1080935983
"[2, 1, 4, 3, 7, 8, 6, 5]",2.2580683110
"[2, 1, 4, 3]",364.4907082443
"[2, 1, 4, 5, 3, 6, 7, 8]",4.4292799192
"[2, 1, 4, 5, 3, 6, 7, 9, 8]",2.9948568171
"[2, 1, 4, 5, 3, 6, 7]",8.6508789283
"[2, 1, 4, 5, 3, 6]",19.6073063407
"[2, 1, 4, 5, 3, 7, 6]",4.6749918468
"[2, 1, 4, 5, 3, 7, 8, 6]",2.1581127304
"[2, 1, 4, 5, 3]",87.7200681680
"[2, 1, 4, 5, 6, 3, 7, 8, 9]",2.4013229015
"[2, 1, 4, 5, 6, 3, 7, 8]",4.1029282134
"[2, 1, 4, 5, 6, 3, 7]",6.6792103116
"[2, 1, 4, 5, 6, 3]",25.9702154254
"[2, 1, 4, 5, 6, 7, 3]",3.6357050014
"[2, 1, 4, 5, 6, 8, 7, 3]",2.2382470460
"[2, 1, 4, 5, 7, 3, 6]",3.4243622715
"[2, 1, 4, 5, 7, 6, 3]",8.9662341198
"[2, 1, 4, 5, 8, 7, 6, 3]",2.3654962829
"[2, 1, 4, 6, 3, 5, 7, 8]",2.8998576632
"[2, 1, 4, 6, 3, 5, 7]",6.1703831117
"[2, 1, 4, 6, 3, 5]",12.8710652323
"[2, 1, 4, 6, 5, 3, 7, 8]",2.5154390713
"[2, 1, 4, 6, 5, 3, 7]",4.5589704784
"[2, 1, 4, 6, 5, 3]",32.5564685152
"[2, 1, 4, 6, 5, 7, 3]",4.9947765463
"[2, 1, 4, 6, 7, 3, 5]",2.7281975760
"[2, 1, 4, 6, 7, 5, 3]",8.9200179640
"[2, 1, 4, 6, 7, 8, 5, 3]",3.1969459173
"[2, 1, 4, 6, 8, 7, 5, 3]",3.7204314225
"[2, 1, 4, 7, 3, 5, 6]",2.0697335576
"[2, 1, 4, 7, 5, 3, 6]",3.3950896019
"[2, 1, 4, 7, 5, 6, 3]",6.0199570906
"[2, 1, 4, 7, 6, 3, 5]",2.6400646631
"[2, 1, 4, 7, 6, 5, 3]",6.7074736979
"[2, 1, 4, 7, 8, 6, 3, 5]",2.2838297903
"[2, 1, 5, 3, 4, 6, 7, 8, 9, 10]",2.0800923201
"[2, 1, 5, 3, 4, 6, 7, 8, 9]",2.9347143559
"[2, 1, 5, 3, 4, 6, 7, 8]",6.3011580735
"[2, 1, 5, 3, 4, 6, 7]",12.7831652114
"[2, 1, 5, 3, 4, 6, 8, 7]",2.4608574160
"[2, 1, 5, 3, 4, 6]",21.3503442684
"[2, 1, 5, 3, 4, 7, 6, 8]",2.3181581044
"[2, 1, 5, 3, 4, 7, 6]",4.5325285272
"[2, 1, 5, 3, 4, 7, 8, 6]",3.0817867798
"[2, 1, 5, 3, 4]",47.5075269409
"[2, 1, 5, 3, 6, 4]",10.6200106904
"[2, 1, 5, 3, 7, 4, 6]",2.1148046867
"[2, 1, 5, 4, 3, 6, 7, 8, 9]",2.7303134734
"[2, 1, 5, 4, 3, 6, 7, 8]",2.7301950036
"[2, 1, 5, 4, 3, 6, 7]",6.3570262622
"[2, 1, 5, 4, 3, 6]",12.4961298728
"[2, 1, 5, 4, 3, 7, 6]",2.8394935947
"[2, 1, 5, 4, 3]",72.8411115547
"[2, 1, 5, 4, 6, 3, 7]",2.6258341073
"[2, 1, 5, 4, 6, 3]",9.8569741862
"[2, 1, 5, 4, 6, 7, 3]",2.6854136301
"[2, 1, 5, 4, 7, 6, 3]",5.1581378204
"[2, 1, 5, 4, 7, 9, 8, 6, 3]",2.3631894057
"[2, 1, 5, 4, 8, 7, 6, 3]",2.1463270599
"[2, 1, 5, 6, 3, 4]",9.9277151420
"[2, 1, 5, 6, 4, 3, 7, 8]",2.0839983083
"[2, 1, 5, 6, 4, 3, 7]",2.8312090609
"[2, 1, 5, 6, 4, 3]",18.3477238205
"[2, 1, 5, 6, 4, 7, 3]",2.5069239116
"[2, 1, 5, 6, 7, 3, 4]",4.4556678917
"[2, 1, 5, 6, 7, 4, 3]",2.7450874106
"[2, 1, 5, 6, 8, 7, 3, 4]",3.3082740993
"[2, 1, 5, 6, 8, 7, 4, 3]",2.0948228221
"[2, 1, 5, 7, 3, 4, 6]",2.7383719212
"[2, 1, 5, 7, 4, 6, 3]",2.3276456482
"[2, 1, 5, 7, 6, 3, 4]",2.4589240619
"[2, 1, 5, 7, 6, 4, 3]",4.2916606044
"[2, 1, 5, 7, 9, 8, 6, 3, 4]",2.1561024524
"[2, 1, 5, 8, 6, 7, 4, 3]",2.5082230111
"[2, 1, 6, 3, 4, 5, 7, 8]",2.8610429059
"[2, 1, 6, 3, 4, 5, 7]",3.6533720553
"[2, 1, 6, 3, 4, 5]",4.0998948312
"[2, 1, 6, 3, 5, 4]",3.9235235159
"[2, 1, 6, 4, 3, 5, 7]",4.3043760507
"[2, 1, 6, 4, 3, 5, 8, 7]",2.3905572380
"[2, 1, 6, 4, 3, 5]",9.1890009256
"[2, 1, 6, 4, 5, 3]",10.4295924859
"[2, 1, 6, 4, 7, 5, 3]",3.1398551425
"[2, 1, 6, 5, 3, 4, 7, 8]",2.1917543236
"[2, 1, 6, 5, 3, 4, 7]",4.7359224852
"[2, 1, 6, 5, 3, 4]",10.5820020251
"[2, 1, 6, 5, 4, 3]",13.6426144899
"[2, 1, 6, 7, 4, 3, 5]",2.1237607134
"[2, 1, 6, 7, 4, 5, 3]",2.2098554387
"[2, 1, 6, 7, 5, 4, 3]",4.1686997410
"[2, 1, 7, 5, 4, 6, 3]",3.1884115362
"[2, 1, 7, 6, 5, 3, 4]",3.6981845332
"[2, 1, 7, 6, 5, 4, 3]",2.9356792393
"[2, 1]",6756.3875361531
"[2, 3, 1, 4, 5, 6, 7, 8, 10, 9]",2.8417678568
"[2, 3, 1, 4, 5, 6, 7, 8, 9, 10, 11]",2.8594416333
"[2, 3, 1, 4, 5, 6, 7, 8, 9, 10]",5.7782569955
"[2, 3, 1, 4, 5, 6, 7, 8, 9]",10.8030338927
"[2, 3, 1, 4, 5, 6, 7, 8]",22.4939473291
"[2, 3, 1, 4, 5, 6, 7, 9, 8]",7.6100164543
"[2, 3, 1, 4, 5, 6, 7]",43.7845208546
"[2, 3, 1, 4, 5, 6, 8, 10, 9, 7]",2.3944444718
"[2, 3, 1, 4, 5, 6, 8, 7, 9, 10, 11]",2.2703745049
"[2, 3, 1, 4, 5, 6, 8, 7, 9, 10]",4.0544267771
"[2, 3, 1, 4, 5, 6, 8, 7, 9]",6.6367057446
"[2, 3, 1, 4, 5, 6, 8, 7]",10.1104519798
"[2, 3, 1, 4, 5, 6, 8, 9, 7]",2.4004293709
"[2, 3, 1, 4, 5, 6]",87.4619675535
"[2, 3, 1, 4, 5, 7, 6, 8, 9, 10]",2.0816713131
"[2, 3, 1, 4, 5, 7, 6, 8, 9, 11, 10]",2.0817616419
"[2, 3, 1, 4, 5, 7, 6, 8, 9]",6.0582485819
"[2, 3, 1, 4, 5, 7, 6, 8]",11.4769025254
"[2, 3, 1, 4, 5, 7, 6, 9, 8]",3.4311431090
"[2, 3, 1, 4, 5, 7, 6]",28.2430723644
"[2, 3, 1, 4, 5, 7, 8, 6]",3.6341991128
"[2, 3, 1, 4, 5, 8, 6, 7]",2.8441324357
"[2, 3, 1, 4, 5, 8, 7, 6]",4.7901886911
"[2, 3, 1, 4, 5]",152.0457466762
"[2, 3, 1, 4, 6, 5, 7, 8, 9]",2.2907244113
"[2, 3, 1, 4, 6, 5, 7, 8]",6.8732119622
"[2, 3, 1, 4, 6, 5, 7, 9, 8]",2.5015326312
"[2, 3, 1, 4, 6, 5, 7]",11.0859054295
"[2, 3, 1, 4, 6, 5, 8, 7]",2.7526525443
"[2, 3, 1, 4, 6, 5]",34.3202394152
"[2, 3, 1, 4, 6, 7, 5]",9.8703519375
"[2, 3, 1, 4, 6, 7, 8, 5]",4.4304368663
"[2, 3, 1, 4, 6, 8, 7, 5]",4.0673495150
"[2, 3, 1, 4, 7, 5, 6]",5.9982390130
"[2, 3, 1, 4, 7, 6, 5]",4.3336576093
"[2, 3, 1, 4, 7, 8, 5, 6]",2.0039077433
"[2, 3, 1, 4, 7, 8, 6, 5]",2.8687652054
"[2, 3, 1, 4]",269.7949004359
"[2, 3, 1, 5, 4, 6, 7, 8, 9]",3.2442364324
"[2, 3, 1, 5, 4, 6, 7, 8]",5.3691679203
"[2, 3, 1, 5, 4, 6, 7]",12.4167484166
"[2, 3, 1, 5, 4, 6, 8, 7]",3.6771715324
"[2, 3, 1, 5, 4, 6]",21.7711919834
"[2, 3, 1, 5, 4, 7, 6]",4.0829518216
"[2, 3, 1, 5, 4, 7, 8, 6]",2.2623246970
"[2, 3, 1, 5, 4]",55.3202218913
"[2, 3, 1, 5, 6, 4]",11.3775063076
"[2, 3, 1, 5, 6, 7, 4]",2.8748558890
"[2, 3, 1, 5, 7, 6, 4, 8]",2.3036668403
"[2, 3, 1, 5, 7, 6, 4]",6.4137961750
"[2, 3, 1, 5, 7, 9, 8, 6, 4]",2.3303267865
"[2, 3, 1, 6, 4, 5]",7.7366717805
"[2, 3, 1, 6, 5, 4]",13.0576752712
"[2, 3, 1, 6, 5, 7, 4]",2.3023331825
"[2, 3, 1, 6, 7, 5, 4]",2.9114086911
"[2, 3, 1, 7, 5, 6, 4]",2.2902591671
"[2, 3, 1, 7, 6, 4, 5]",3.2349374284
"[2, 3, 1]",1566.0816118897
"[2, 3, 4, 1, 5, 6, 7, 8, 10, 9]",2.4662574768
"[2, 3, 4, 1, 5, 6, 7, 8, 9, 10]",2.2433517802
"[2, 3, 4, 1, 5, 6, 7, 8, 9]",5.6273159647
"[2, 3, 4, 1, 5, 6, 7, 8]",11.6850952684
"[2, 3, 4, 1, 5, 6, 7]",16.3870640755
"[2, 3, 4, 1, 5, 6, 8, 7]",2.7425685328
"[2, 3, 4, 1, 5, 6]",24.8520000059
"[2, 3, 4, 1, 5, 7, 6, 8]",2.1682860966
"[2, 3, 4, 1, 5, 7, 6]",5.4459564003
"[2, 3, 4, 1, 5, 8, 6, 7]",2.2853421696
"[2, 3, 4, 1, 5]",40.7406700522
"[2, 3, 4, 1, 6, 5]",6.2222842238
"[2, 3, 4, 1, 7, 5, 6]",2.7591377016
"[2, 3, 4, 1]",324.9332692802
"[2, 3, 4, 5, 1, 6, 7]",2.0918389589
"[2, 3, 4, 5, 1, 6]",2.8695908835
"[2, 3, 4, 5, 1]",65.6642555346
"[2, 3, 4, 5, 6, 1]",14.6897946656
"[2, 3, 4, 5, 6, 7, 1]",3.8479864610
"[2, 3, 4, 5, 7, 6, 1]",3.8803317131
"[2, 3, 4, 6, 1, 5, 7]",2.4042761464
"[2, 3, 4, 6, 1, 5]",4.1647864313
"[2, 3, 4, 6, 5, 1]",24.3241668136
"[2, 3, 4, 6, 5, 7, 1]",2.2426703172
"[2, 3, 4, 6, 7, 5, 1]",7.4290087875
"[2, 3, 4, 6, 9, 8, 7, 5, 1]",2.6979292816
"[2, 3, 4, 7, 5, 6, 1]",3.5599773207
"[2, 3, 4, 7, 6, 5, 1]",8.8002569168
"[2, 3, 5, 1, 4, 6, 7, 8, 9]",2.9709164675
"[2, 3, 5, 1, 4, 6, 7, 8]",3.8623310167
"[2, 3, 5, 1, 4, 6, 7]",8.1457797374
"[2, 3, 5, 1, 4, 6, 8, 7]",2.5636671331
"[2, 3, 5, 1, 4, 6]",9.9826030871
"[2, 3, 5, 1, 4]",23.1625348846
"[2, 3, 5, 1, 6, 4, 7]",2.0560322014
"[2, 3, 5, 1, 6, 4]",4.1648969170
"[2, 3, 5, 4, 1, 6, 7, 8]",2.5637136077
"[2, 3, 5, 4, 1, 6, 7]",4.7052244219
"[2, 3, 5, 4, 1, 6]",6.9265776288
"[2, 3, 5, 4, 1]",119.9833013707
"[2, 3, 5, 4, 6, 1]",9.9631832409
"[2, 3, 5, 6, 1, 4]",6.2666236554
"[2, 3, 5, 6, 4, 1, 7, 8, 9, 10, 11]",2.0015338369
"[2, 3, 5, 6, 4, 1, 7, 8, 9, 10]",2.0014469893
"[2, 3, 5, 6, 4, 1, 7, 8, 9]",2.0013601455
"[2, 3, 5, 6, 4, 1, 7, 8]",2.9289946511
"[2, 3, 5, 6, 4, 1, 7]",3.7431059944
"[2, 3, 5, 6, 4, 1]",40.1573390013
"[2, 3, 5, 6, 4, 7, 1]",2.3519094316
"[2, 3, 5, 6, 7, 4, 1]",4.4317050408
"[2, 3, 5, 7, 6, 1, 4]",3.6937189584
"[2, 3, 5, 7, 6, 4, 1]",7.6620822565
"[2, 3, 5, 8, 6, 7, 4, 1]",2.5277544601
"[2, 3, 5, 8, 7, 6, 4, 1]",4.3769686622
"[2, 3, 6, 1, 4, 5]",2.8117097611
"[2, 3, 6, 4, 1, 5, 7, 8]",2.1077066909
"[2, 3, 6, 4, 1, 5, 7]",2.6552992609
"[2, 3, 6, 4, 1, 5]",3.8230064764
"[2, 3, 6, 4, 5, 1]",13.3160023159
"[2, 3, 6, 4, 7, 5, 1]",3.0633681146
"[2, 3, 6, 5, 1, 4]",5.4320735298
"[2, 3, 6, 5, 4, 1]",30.0657898864
"[2, 3, 6, 5, 4, 7, 1]",3.5305273137
"[2, 3, 6, 5, 7, 4, 1]",2.2015482636
"[2, 3, 6, 7, 1, 4, 5]",2.6018427194
"[2, 3, 6, 7, 4, 5, 1]",3.0290136301
"[2, 3, 6, 7, 5, 1, 4]",2.2514103404
"[2, 3, 6, 7, 5, 4, 1]",11.1388737449
"[2, 3, 6, 7, 8, 5, 4, 1]",2.0970518287
"[2, 3, 6, 8, 7, 5, 4, 1]",2.0682070182
"[2, 3, 7, 4, 6, 5, 1]",2.9311906804
"[2, 3, 7, 5, 6, 4, 1]",3.7947617238
"[2, 3, 7, 6, 4, 5, 1]",2.5552572297
"[2, 3, 7, 6, 5, 4, 1]",2.3495029120
"[2, 4, 1, 3, 5, 6, 7, 8, 9, 10]",2.9225687651
"[2, 4, 1, 3, 5, 6, 7, 8, 9]",5.2324122817
"[2, 4, 1, 3, 5, 6, 7, 8]",8.9903265315
"[2, 4, 1, 3, 5, 6, 7]",24.9896463981
"[2, 4, 1, 3, 5, 6, 8, 7, 9, 10, 11]",2.9061395982
"[2, 4, 1, 3, 5, 6, 8, 7, 9, 10]",2.9060134993
"[2, 4, 1, 3, 5, 6, 8, 7, 9]",3.7462938416
"[2, 4, 1, 3, 5, 6, 8, 7]",10.5765822746
"[2, 4, 1, 3, 5, 6, 8, 9, 7]",2.2711945780
"[2, 4, 1, 3, 5, 6, 9, 8, 7]",2.2283791990
"[2, 4, 1, 3, 5, 6]",45.8412407626
"[2, 4, 1, 3, 5, 7, 6, 8]",2.4222532317
"[2, 4, 1, 3, 5, 7, 6]",9.3064304988
"[2, 4, 1, 3, 5, 7, 8, 6]",4.5090917304
"[2, 4, 1, 3, 5, 8, 7, 6]",2.8854417765
"[2, 4, 1, 3, 5, 9, 8, 7, 6]",2.3410818305
"[2, 4, 1, 3, 5]",75.8883698538
"[2, 4, 1, 3, 6, 5, 7]",7.0129011177
"[2, 4, 1, 3, 6, 5, 8, 7]",2.5115607184
"[2, 4, 1, 3, 6, 5]",13.6250278094
"[2, 4, 1, 3, 6, 7, 5]",6.1824367774
"[2, 4, 1, 3, 7, 8, 5, 6]",2.1019035033
"[2, 4, 1, 3]",161.9820976457
"[2, 4, 1, 5, 3, 6]",2.8041120212
"[2, 4, 1, 5, 3]",13.9486953984
"[2, 4, 1, 5, 6, 3]",2.3236306012
"[2, 4, 1, 6, 3, 5]",2.2296676169
"[2, 4, 1, 6, 5, 3]",4.5328613759
"[2, 4, 3, 1, 5, 6, 7, 8, 9]",3.2435473138
"[2, 4, 3, 1, 5, 6, 7, 8]",10.1122322839
"[2, 4, 3, 1, 5, 6, 7, 9, 8]",3.1779235601
"[2, 4, 3, 1, 5, 6, 7]",15.1242280702
"[2, 4, 3, 1, 5, 6, 8, 7]",3.3046193644
"[2, 4, 3, 1, 5, 6, 8, 9, 7]",2.8243867851
"[2, 4, 3, 1, 5, 6]",24.7583627361
"[2, 4, 3, 1, 5, 7, 6]",5.3058598512
"[2, 4, 3, 1, 5, 8, 7, 6]",2.0581079067
"[2, 4, 3, 1, 5]",41.8715839450
"[2, 4, 3, 1, 6, 5, 7]",2.6612753957
"[2, 4, 3, 1, 6, 5]",8.1369059355
"[2, 4, 3, 1, 7, 6, 5]",2.0601728460
"[2, 4, 3, 1]",473.9041416012
"[2, 4, 3, 5, 1, 6]",3.7918768113
"[2, 4, 3, 5, 1]",38.3393389196
"[2, 4, 3, 5, 6, 1]",7.8975629162
"[2, 4, 3, 5, 7, 6, 1]",5.3754671406
"[2, 4, 3, 6, 1, 5]",3.0459477462
"[2, 4, 3, 6, 5, 1]",9.1099152749
"[2, 4, 5, 1, 3, 6, 7]",3.7898820382
"[2, 4, 5, 1, 3, 6]",4.8017328061
"[2, 4, 5, 1, 3]",29.5834111288
"[2, 4, 5, 1, 6, 3]",3.2995991422
"[2, 4, 5, 3, 1, 6, 7, 8, 9, 10]",2.4873812708
"[2, 4, 5, 3, 1, 6, 7, 8, 9]",2.4872733419
"[2, 4, 5, 3, 1, 6, 7, 8]",2.4871654178
"[2, 4, 5, 3, 1, 6, 7]",4.3718168491
"[2, 4, 5, 3, 1, 6]",7.6633970890
"[2, 4, 5, 3, 1]",128.4284384764
"[2, 4, 5, 3, 6, 1]",6.9694945373
"[2, 4, 5, 6, 1, 3]",6.2623688209
"[2, 4, 5, 6, 3, 1]",21.9818532242
"[2, 4, 5, 6, 7, 1, 3]",2.3246268946
"[2, 4, 5, 6, 7, 3, 1]",3.9346171736
"[2, 4, 5, 7, 6, 1, 3]",2.4446932402
"[2, 4, 5, 7, 6, 3, 1]",9.4864291765
"[2, 4, 5, 8, 7, 6, 3, 1]",5.3174632416
"[2, 4, 6, 1, 3, 5, 7, 8]",2.3560272907
"[2, 4, 6, 1, 3, 5, 7]",2.3559250614
"[2, 4, 6, 1, 3, 5]",4.4476934919
"[2, 4, 6, 1, 5, 3]",6.4105247544
"[2, 4, 6, 3, 1, 5]",2.3354986063
"[2, 4, 6, 3, 5, 1]",7.1725854790
"[2, 4, 6, 5, 1, 3, 7, 8, 9]",2.1177892482
"[2, 4, 6, 5, 1, 3, 7, 8]",2.6323858888
"[2, 4, 6, 5, 1, 3, 7]",3.7066272475
"[2, 4, 6, 5, 1, 3]",13.2977452078
"[2, 4, 6, 5, 3, 1]",46.2868656483
"[2, 4, 6, 5, 7, 9, 8, 3, 1]",3.0222104754
"[2, 4, 6, 7, 5, 1, 3]",4.4626012924
"[2, 4, 6, 7, 5, 3, 1]",7.3974752305
"[2, 4, 6, 8, 5, 7, 3, 1]",2.3146477513
"[2, 4, 7, 5, 1, 3, 6]",2.2764720478
"[2, 4, 7, 5, 6, 1, 3]",2.7052432708
"[2, 4, 7, 5, 6, 3, 1]",5.7220517496
"[2, 4, 7, 6, 1, 5, 3]",2.0497054666
"[2, 4, 7, 6, 3, 5, 1]",2.2889786143
"[2, 4, 7, 6, 5, 1, 3]",2.8589041268
"[2, 4, 7, 6, 5, 3, 1]",7.6894260540
"[2, 4, 7, 8, 5, 6, 3, 1]",4.8470049158
"[2, 4, 7, 8, 6, 3, 5, 1]",2.0432452372
"[2, 4, 8, 7, 6, 5, 3, 1]",2.8450565038
"[2, 5, 1, 3, 4, 6, 7]",3.4927914668
"[2, 5, 1, 3, 4, 6]",8.4522918384
"[2, 5, 1, 3, 4, 7, 6]",2.8682122714
"[2, 5, 1, 3, 4]",22.3636332035
"[2, 5, 1, 3, 6, 4]",4.3420632303
"[2, 5, 1, 4, 3, 6, 7]",2.2367634301
"[2, 5, 1, 4, 3, 6]",3.9870305942
"[2, 5, 1, 4, 3]",14.0605966687
"[2, 5, 1, 4, 6, 3]",3.2554050582
"[2, 5, 1, 4, 7, 6, 3]",2.5297665904
"[2, 5, 3, 1, 4, 6, 7, 8]",2.5688150315
"[2, 5, 3, 1, 4, 6, 7]",10.4777796499
"[2, 5, 3, 1, 4, 6, 8, 7]",5.3402956749
"[2, 5, 3, 1, 4, 6, 9, 8, 7]",2.1525701303
"[2, 5, 3, 1, 4, 6]",17.5640499286
"[2, 5, 3, 1, 4, 7, 6]",4.4861394949
"[2, 5, 3, 1, 4, 7, 8, 6]",2.0567302433
"[2, 5, 3, 1, 4, 8, 7, 6]",2.0443373719
"[2, 5, 3, 1, 4]",37.2333764415
"[2, 5, 3, 4, 1, 6, 7]",2.7246391238
"[2, 5, 3, 4, 1, 6]",5.1922791157
"[2, 5, 3, 4, 1, 7, 6]",2.4678652975
"[2, 5, 3, 4, 1]",53.6507504673
"[2, 5, 3, 4, 6, 1]",5.1862385062
"[2, 5, 3, 4, 7, 6, 1]",3.8731229403
"[2, 5, 3, 6, 4, 1]",6.0226542006
"[2, 5, 3, 6, 7, 4, 1]",2.9301808157
"[2, 5, 3, 7, 6, 4, 1]",4.2894351137
"[2, 5, 4, 1, 3, 6, 7]",4.4327284616
"[2, 5, 4, 1, 3, 6]",11.2610771914
"[2, 5, 4, 1, 3, 7, 6]",3.5019211444
"[2, 5, 4, 1, 3, 8, 7, 6, 9]",2.0098974236
"[2, 5, 4, 1, 3, 8, 7, 6]",2.0098102130
"[2, 5, 4, 1, 3]",43.8356854050
"[2, 5, 4, 1, 6, 3]",2.9875787506
"[2, 5, 4, 3, 1, 6, 7, 8]",2.2050096246
"[2, 5, 4, 3, 1, 6, 7]",5.0080013121
"[2, 5, 4, 3, 1, 6]",8.4990440401
"[2, 5, 4, 3, 1]",115.5126811171
"[2, 5, 4, 3, 6, 1]",6.8026003873
"[2, 5, 4, 6, 1, 3]",4.0232211899
"[2, 5, 4, 6, 3, 1]",11.7771269084
"[2, 5, 4, 7, 6, 3, 1]",5.0281256406
"[2, 5, 6, 1, 3, 4]",7.4826225665
"[2, 5, 6, 1, 4, 3]",4.6754105789
"[2, 5, 6, 3, 1, 4, 7]",2.6814660841
"[2, 5, 6, 3, 1, 4]",7.2689776145
"[2, 5, 6, 3, 4, 1]",18.3773273429
"[2, 5, 6, 3, 7, 4, 1]",3.6317647724
"[2, 5, 6, 4, 1, 3, 7]",2.3562564857
"[2, 5, 6, 4, 1, 3]",14.3144122674
"[2, 5, 6, 4, 3, 1]",28.1568093506
"[2, 5, 6, 4, 7, 3, 1]",2.7313835339
"[2, 5, 6, 7, 1, 3, 4]",2.7768597455
"[2, 5, 6, 7, 3, 4, 1]",3.5233273230
"[2, 5, 6, 7, 4, 1, 3]",2.4838940351
"[2, 5, 6, 7, 4, 3, 1]",7.8682622327
"[2, 5, 6, 8, 7, 3, 4, 1]",2.9795887163
"[2, 5, 7, 1, 6, 4, 3]",2.2531779260
"[2, 5, 7, 4, 6, 3, 1]",2.6555339137
"[2, 5, 7, 6, 1, 4, 3]",2.0844917292
"[2, 5, 7, 6, 3, 1, 4]",3.4054599303
"[2, 5, 7, 6, 3, 4, 1]",6.4832746624
"[2, 5, 7, 6, 4, 1, 3]",6.5937710508
"[2, 5, 7, 6, 4, 3, 1]",10.6125626993
"[2, 5, 7, 6, 8, 4, 3, 1]",2.2672942150
"[2, 5, 7, 8, 6, 4, 3, 1]",2.5507130061
"[2, 5, 8, 7, 6, 4, 3, 1]",2.3330059942
"[2, 6, 1, 3, 4, 5, 7, 8, 9]",3.1744195970
"[2, 6, 1, 3, 4, 5, 7, 8]",4.8644214109
"[2, 6, 1, 3, 4, 5, 7]",4.8642103410
"[2, 6, 1, 3, 4, 5]",6.2702282710
"[2, 6, 1, 4, 3, 5]",3.3557922844
"[2, 6, 1, 4, 5, 3]",2.1865927377
"[2, 6, 3, 1, 4, 5, 7]",2.6751240107
"[2, 6, 3, 1, 4, 5]",5.6042071724
"[2, 6, 3, 4, 1, 5]",3.7426719720
"[2, 6, 3, 4, 5, 1]",2.9897595173
"[2, 6, 3, 5, 4, 1]",5.7056839984
"[2, 6, 4, 1, 3, 5]",7.9266619609
"[2, 6, 4, 1, 5, 3]",2.9752254618
"[2, 6, 4, 3, 1, 5, 7]",2.4959606051
"[2, 6, 4, 3, 1, 5]",3.4587218248
"[2, 6, 4, 3, 5, 1]",7.5340152545
"[2, 6, 4, 3, 7, 5, 1]",2.6449357104
"[2, 6, 4, 5, 3, 1]",11.9690736993
"[2, 6, 4, 5, 8, 7, 3, 1]",2.4884564894
"[2, 6, 4, 7, 5, 3, 1]",2.6794517761
"[2, 6, 5, 1, 3, 4]",6.2077633015
"[2, 6, 5, 3, 1, 4]",7.7600262111
"[2, 6, 5, 3, 4, 1]",9.3588825795
"[2, 6, 5, 4, 1, 3]",11.5501852899
"[2, 6, 5, 4, 3, 1]",19.5905569586
"[2, 6, 5, 7, 3, 4, 1]",2.1637332192
"[2, 6, 7, 1, 3, 5, 4]",2.4650831588
"[2, 6, 7, 4, 5, 3, 1]",2.5079475517
"[2, 6, 7, 5, 1, 3, 4]",2.2863591435
"[2, 6, 7, 5, 3, 4, 1]",4.1235010201
"[2, 6, 7, 5, 4, 3, 1]",6.7579581942
"[2, 6, 7, 8, 4, 5, 3, 1]",2.1354293755
"[2, 6, 8, 7, 3, 1, 5, 4]",2.1375592850
"[2, 7, 3, 4, 5, 6, 1]",2.1516796518
"[2, 7, 5, 3, 6, 4, 1]",2.4876890867
"[2, 7, 5, 6, 3, 4, 1]",2.8322128209
"[2, 7, 5, 6, 4, 3, 1]",2.0797773719
"[2, 7, 6, 3, 4, 5, 1]",3.2810229262
"[2, 7, 6, 4, 1, 3, 5]",2.3632887818
"[2, 7, 6, 4, 3, 5, 1]",2.5744713157
"[2, 7, 6, 4, 5, 3, 1]",2.8977266208
"[2, 7, 6, 5, 4, 3, 1]",5.8141266103
"[2, 7, 6, 8, 9, 5, 4, 3, 1]",2.6445978973
"[3, 1, 2, 4, 5, 6, 7, 10, 8, 9]",3.2751989014
"[3, 1, 2, 4, 5, 6, 7, 8, 10, 9, 11, 12]",2.4625355259
"[3, 1, 2, 4, 5, 6, 7, 8, 10, 9, 11]",2.4624286751
"[3, 1, 2, 4, 5, 6, 7, 8, 10, 9]",4.7006723096
"[3, 1, 2, 4, 5, 6, 7, 8, 9, 10, 11, 12]",2.6152357550
"[3, 1, 2, 4, 5, 6, 7, 8, 9, 10, 11]",3.9448189578
"[3, 1, 2, 4, 5, 6, 7, 8, 9, 10]",10.4010820424
"[3, 1, 2, 4, 5, 6, 7, 8, 9]",20.4465461757
"[3, 1, 2, 4, 5, 6, 7, 8]",41.3675947966
"[3, 1, 2, 4, 5, 6, 7, 9, 8, 10, 11, 12]",2.7620003014
"[3, 1, 2, 4, 5, 6, 7, 9, 8, 10, 11]",3.1303509971
"[3, 1, 2, 4, 5, 6, 7, 9, 8, 10]",4.6982701845
"[3, 1, 2, 4, 5, 6, 7, 9, 8]",10.9987433166
"[3, 1, 2, 4, 5, 6, 7]",72.7086632439
"[3, 1, 2, 4, 5, 6, 8, 7, 9, 10]",2.1325090735
"[3, 1, 2, 4, 5, 6, 8, 7, 9]",3.9532401266
"[3, 1, 2, 4, 5, 6, 8, 7]",15.8202438636
"[3, 1, 2, 4, 5, 6, 8, 9, 10, 7]",2.6674047380
"[3, 1, 2, 4, 5, 6, 8, 9, 7]",4.7079114004
"[3, 1, 2, 4, 5, 6, 9, 10, 7, 8]",2.3705529739
"[3, 1, 2, 4, 5, 6, 9, 7, 8]",6.0695467380
"[3, 1, 2, 4, 5, 6, 9, 8, 7]",2.0385393870
"[3, 1, 2, 4, 5, 6]",150.6671810685
"[3, 1, 2, 4, 5, 7, 6, 8, 10, 9]",2.7518608159
"[3, 1, 2, 4, 5, 7, 6, 8, 9, 10, 11]",3.1197784572
"[3, 1, 2, 4, 5, 7, 6, 8, 9, 10]",6.2806555653
"[3, 1, 2, 4, 5, 7, 6, 8, 9]",9.0321244556
"[3, 1, 2, 4, 5, 7, 6, 8]",13.2079137976
"[3, 1, 2, 4, 5, 7, 6, 9, 8]",2.0934546150
"[3, 1, 2, 4, 5, 7, 6]",40.4498379701
"[3, 1, 2, 4, 5, 7, 8, 6, 9]",2.9474609904
"[3, 1, 2, 4, 5, 7, 8, 6]",8.7833284376
"[3, 1, 2, 4, 5, 7, 8, 9, 6]",2.5943664802
"[3, 1, 2, 4, 5, 8, 6, 7, 9]",3.4172482011
"[3, 1, 2, 4, 5, 8, 6, 7]",6.3343889956
"[3, 1, 2, 4, 5, 8, 7, 6]",9.5118754001
"[3, 1, 2, 4, 5, 9, 8, 7, 6]",2.7466644552
"[3, 1, 2, 4, 5]",296.9826122340
"[3, 1, 2, 4, 6, 5, 7, 10, 9, 8]",2.4801659151
"[3, 1, 2, 4, 6, 5, 7, 8, 9, 10]",3.5565024847
"[3, 1, 2, 4, 6, 5, 7, 8, 9, 11, 10]",2.5380056115
"[3, 1, 2, 4, 6, 5, 7, 8, 9]",6.5700599327
"[3, 1, 2, 4, 6, 5, 7, 8]",15.7688188858
"[3, 1, 2, 4, 6, 5, 7, 9, 8, 10]",3.0986281592
"[3, 1, 2, 4, 6, 5, 7, 9, 8]",6.3974069686
"[3, 1, 2, 4, 6, 5, 7]",23.1123480317
"[3, 1, 2, 4, 6, 5, 8, 7, 9, 10, 11]",2.6050011203
"[3, 1, 2, 4, 6, 5, 8, 7, 9, 10]",3.2944550981
"[3, 1, 2, 4, 6, 5, 8, 7, 9]",5.3691925109
"[3, 1, 2, 4, 6, 5, 8, 7]",5.8216309693
"[3, 1, 2, 4, 6, 5]",67.5547766967
"[3, 1, 2, 4, 6, 7, 5, 8, 9, 10]",2.4645824347
"[3, 1, 2, 4, 6, 7, 5, 8, 9]",2.4644754952
"[3, 1, 2, 4, 6, 7, 5, 8]",4.8676743266
"[3, 1, 2, 4, 6, 7, 5]",21.2969323969
"[3, 1, 2, 4, 6, 7, 8, 5]",2.7844792525
"[3, 1, 2, 4, 6, 8, 5, 7]",3.5523508974
"[3, 1, 2, 4, 6, 8, 7, 5]",5.8512123313
"[3, 1, 2, 4, 6, 9, 8, 7, 5]",2.1872544981
"[3, 1, 2, 4, 7, 5, 6, 8, 10, 9]",3.1231097628
"[3, 1, 2, 4, 7, 5, 6, 8, 9]",5.4048001083
"[3, 1, 2, 4, 7, 5, 6, 8]",7.8120569518
"[3, 1, 2, 4, 7, 5, 6]",12.5882353522
"[3, 1, 2, 4, 7, 6, 5, 8, 9, 10]",3.0149868360
"[3, 1, 2, 4, 7, 6, 5, 8, 9]",3.7451672578
"[3, 1, 2, 4, 7, 6, 5, 8]",4.3631462277
"[3, 1, 2, 4, 7, 6, 5]",14.4904891215
"[3, 1, 2, 4, 7, 8, 5, 6]",3.1866878190
"[3, 1, 2, 4, 7, 8, 6, 5]",5.7325387180
"[3, 1, 2, 4, 7, 9, 8, 6, 5]",2.4899869899
"[3, 1, 2, 4, 8, 7, 6, 5]",2.3410818305
"[3, 1, 2, 4]",526.3950133671
"[3, 1, 2, 5, 4, 6, 7, 8, 10, 9]",2.0701558061
"[3, 1, 2, 5, 4, 6, 7, 8, 9, 10]",2.1907579231
"[3, 1, 2, 5, 4, 6, 7, 8, 9]",4.9552204559
"[3, 1, 2, 5, 4, 6, 7, 8]",9.0834648387
"[3, 1, 2, 5, 4, 6, 7]",15.2686900998
"[3, 1, 2, 5, 4, 6, 8, 7, 9]",2.0973501147
"[3, 1, 2, 5, 4, 6, 8, 7]",4.7575640828
"[3, 1, 2, 5, 4, 6]",39.3902199147
"[3, 1, 2, 5, 4, 7, 6, 8, 9]",2.0321106177
"[3, 1, 2, 5, 4, 7, 6, 8]",3.7530489179
"[3, 1, 2, 5, 4, 7, 6]",10.5357322940
"[3, 1, 2, 5, 4]",119.0498884338
"[3, 1, 2, 5, 6, 4, 7, 8, 9]",3.2847718632
"[3, 1, 2, 5, 6, 4, 7, 8]",4.9614746866
"[3, 1, 2, 5, 6, 4, 7]",8.6591070903
"[3, 1, 2, 5, 6, 4]",44.3248863371
"[3, 1, 2, 5, 6, 7, 4, 8]",3.5747918151
"[3, 1, 2, 5, 6, 7, 4]",10.6842456242
"[3, 1, 2, 5, 6, 8, 4, 7]",2.1028959353
"[3, 1, 2, 5, 6, 8, 7, 4]",3.1418264496
"[3, 1, 2, 5, 7, 4, 6, 8]",2.6979674031
"[3, 1, 2, 5, 7, 4, 6]",6.0557512128
"[3, 1, 2, 5, 7, 6, 4]",5.8861982192
"[3, 1, 2, 5, 8, 6, 7, 4]",2.5274090744
"[3, 1, 2, 6, 4, 5, 7, 8, 9]",3.3957412419
"[3, 1, 2, 6, 4, 5, 7, 8]",6.2987359715
"[3, 1, 2, 6, 4, 5, 7]",7.6157340081
"[3, 1, 2, 6, 4, 5]",15.2593992861
"[3, 1, 2, 6, 4, 7, 5]",4.3160718551
"[3, 1, 2, 6, 4, 8, 7, 5]",3.2342662351
"[3, 1, 2, 6, 5, 4, 7, 8, 9, 10]",2.0087016850
"[3, 1, 2, 6, 5, 4, 7, 8, 9]",2.4258248905
"[3, 1, 2, 6, 5, 4, 7, 8]",2.8720521876
"[3, 1, 2, 6, 5, 4, 7]",4.8245929457
"[3, 1, 2, 6, 5, 4]",22.7513573149
"[3, 1, 2, 6, 5, 7, 4]",4.4418380122
"[3, 1, 2, 6, 7, 4, 5]",5.7857355068
"[3, 1, 2, 6, 7, 5, 4]",5.9882507730
"[3, 1, 2, 6, 7, 8, 4, 5]",2.1510920916
"[3, 1, 2, 6, 8, 7, 5, 4]",2.0791396877
"[3, 1, 2, 7, 4, 5, 6]",2.1873467259
"[3, 1, 2, 7, 6, 4, 5]",5.5790806525
"[3, 1, 2, 7, 6, 5, 4]",6.5246247734
"[3, 1, 2, 7, 8, 4, 5, 6]",2.0438314444
"[3, 1, 2]",1652.5730455748
"[3, 1, 4, 2, 5, 6, 7, 8, 9, 10]",2.0872158848
"[3, 1, 4, 2, 5, 6, 7, 8, 9]",2.7538020784
"[3, 1, 4, 2, 5, 6, 7, 8]",5.0905164131
"[3, 1, 4, 2, 5, 6, 7]",7.9144631539
"[3, 1, 4, 2, 5, 6]",12.3885954082
"[3, 1, 4, 2, 5, 7, 6]",2.2219039403
"[3, 1, 4, 2, 5]",23.1646173056
"[3, 1, 4, 2, 6, 5, 7, 8]",2.6587363051
"[3, 1, 4, 2, 6, 5, 7]",3.3896296819
"[3, 1, 4, 2, 6, 5]",5.7741913007
"[3, 1, 4, 2]",132.8736332188
"[3, 1, 4, 5, 2, 6, 7, 8]",3.3785393114
"[3, 1, 4, 5, 2, 6, 7]",5.9842616309
"[3, 1, 4, 5, 2, 6]",6.8505521434
"[3, 1, 4, 5, 2]",36.5940762056
"[3, 1, 4, 5, 6, 2]",4.6273900931
"[3, 1, 4, 5, 7, 6, 2]",2.5206146820
"[3, 1, 4, 6, 2, 5]",2.8050899265
"[3, 1, 4, 6, 5, 2]",12.2225291187
"[3, 1, 4, 6, 7, 5, 2]",2.4843763739
"[3, 1, 4, 7, 5, 6, 2]",2.6807324919
"[3, 1, 4, 7, 6, 5, 2]",2.9978616886
"[3, 1, 5, 2, 4, 6, 7, 8]",3.1681729304
"[3, 1, 5, 2, 4, 6, 7]",3.5803327619
"[3, 1, 5, 2, 4, 6]",5.4222104256
"[3, 1, 5, 2, 4]",18.0710061995
"[3, 1, 5, 4, 2, 6, 7]",3.3050287426
"[3, 1, 5, 4, 2, 6]",4.6605372872
"[3, 1, 5, 4, 2]",37.7800518755
"[3, 1, 5, 4, 6, 2]",4.6638573181
"[3, 1, 5, 6, 2, 4]",2.7091191177
"[3, 1, 5, 6, 4, 2]",8.3174607218
"[3, 1, 5, 6, 7, 4, 2]",2.0006306224
"[3, 1, 5, 7, 6, 2, 4]",2.7832034059
"[3, 1, 5, 7, 6, 4, 2]",2.5738274335
"[3, 1, 6, 2, 4, 5]",4.4410667086
"[3, 1, 6, 4, 2, 5]",2.1081441228
"[3, 1, 6, 4, 5, 2]",5.5729468710
"[3, 1, 6, 5, 2, 4, 7]",2.6339668282
"[3, 1, 6, 5, 2, 4]",6.5192410245
"[3, 1, 6, 5, 4, 2, 7]",2.1334884400
"[3, 1, 6, 5, 4, 2]",9.5975038782
"[3, 1, 6, 7, 5, 4, 2]",2.1693761938
"[3, 1, 7, 5, 6, 4, 2]",2.4597989400
"[3, 1, 7, 6, 4, 5, 2]",2.1172287341
"[3, 2, 1, 4, 5, 6, 7, 10, 9, 8]",2.4947496881
"[3, 2, 1, 4, 5, 6, 7, 8, 10, 9]",5.0183965976
"[3, 2, 1, 4, 5, 6, 7, 8, 11, 10, 9]",2.0975607755
"[3, 2, 1, 4, 5, 6, 7, 8, 9, 10, 11]",2.7419974161
"[3, 2, 1, 4, 5, 6, 7, 8, 9, 10]",6.3163689983
"[3, 2, 1, 4, 5, 6, 7, 8, 9]",15.4216748139
"[3, 2, 1, 4, 5, 6, 7, 8]",31.3492728111
"[3, 2, 1, 4, 5, 6, 7, 9, 10, 8]",2.9274596900
"[3, 2, 1, 4, 5, 6, 7, 9, 8, 10, 11]",2.2967243881
"[3, 2, 1, 4, 5, 6, 7, 9, 8, 10]",4.3090845289
"[3, 2, 1, 4, 5, 6, 7, 9, 8]",10.0789575133
"[3, 2, 1, 4, 5, 6, 7]",59.0747816985
"[3, 2, 1, 4, 5, 6, 8, 7, 9]",2.1211755924
"[3, 2, 1, 4, 5, 6, 8, 7]",16.4644462005
"[3, 2, 1, 4, 5, 6, 8, 9, 7]",2.9238964193
"[3, 2, 1, 4, 5, 6, 9, 7, 8, 10]",2.5978931218
"[3, 2, 1, 4, 5, 6, 9, 7, 8]",5.0101779333
"[3, 2, 1, 4, 5, 6, 9, 8, 7]",4.3092317762
"[3, 2, 1, 4, 5, 6]",110.3914886349
"[3, 2, 1, 4, 5, 7, 6, 8, 10, 9]",2.5051494914
"[3, 2, 1, 4, 5, 7, 6, 8, 9, 10]",4.3105416323
"[3, 2, 1, 4, 5, 7, 6, 8, 9]",8.1548989324
"[3, 2, 1, 4, 5, 7, 6, 8]",9.2440681516
"[3, 2, 1, 4, 5, 7, 6]",27.8245318098
"[3, 2, 1, 4, 5, 7, 8, 6, 9]",2.4110822524
"[3, 2, 1, 4, 5, 7, 8, 6]",8.5119198086
"[3, 2, 1, 4, 5, 7, 9, 6, 8]",3.1138568455
"[3, 2, 1, 4, 5, 7, 9, 8, 6]",3.4121545350
"[3, 2, 1, 4, 5, 8, 6, 7, 9]",2.0832827201
"[3, 2, 1, 4, 5, 8, 6, 7]",3.5910474464
"[3, 2, 1, 4, 5, 8, 7, 6, 9]",3.4718457275
"[3, 2, 1, 4, 5, 8, 7, 6]",5.7101759809
"[3, 2, 1, 4, 5]",216.8843815029
"[3, 2, 1, 4, 6, 5, 7, 8, 10, 9]",3.1051198565
"[3, 2, 1, 4, 6, 5, 7, 8, 9, 10]",2.3791394269
"[3, 2, 1, 4, 6, 5, 7, 8, 9]",6.7342241613
"[3, 2, 1, 4, 6, 5, 7, 8]",11.5652798010
"[3, 2, 1, 4, 6, 5, 7, 9, 8]",2.1501098459
"[3, 2, 1, 4, 6, 5, 7]",21.4190833586
"[3, 2, 1, 4, 6, 5, 8, 7]",2.8412344187
"[3, 2, 1, 4, 6, 5]",64.7430967382
"[3, 2, 1, 4, 6, 7, 5, 8, 9]",2.5051517115
"[3, 2, 1, 4, 6, 7, 5, 8]",3.2749231526
"[3, 2, 1, 4, 6, 7, 5]",14.2051032557
"[3, 2, 1, 4, 6, 7, 8, 9, 5]",2.0520013082
"[3, 2, 1, 4, 6, 8, 7, 5]",5.8718615230
"[3, 2, 1, 4, 7, 5, 6, 8]",3.1680592538
"[3, 2, 1, 4, 7, 5, 6, 9, 8]",2.6587961162
"[3, 2, 1, 4, 7, 5, 6]",11.6294193298
"[3, 2, 1, 4, 7, 6, 5, 8]",6.3612009383
"[3, 2, 1, 4, 7, 6, 5, 9, 8]",3.5770910155
"[3, 2, 1, 4, 7, 6, 5]",20.3618647009
"[3, 2, 1, 4, 7, 6, 8, 5]",2.8656796203
"[3, 2, 1, 4, 7, 8, 5, 6]",2.0638327217
"[3, 2, 1, 4, 8, 6, 5, 7]",2.3736304339
"[3, 2, 1, 4, 8, 7, 5, 6]",2.1991816200
"[3, 2, 1, 4, 8, 7, 6, 5]",4.1178853123
"[3, 2, 1, 4]",373.9408321707
"[3, 2, 1, 5, 4, 6, 7, 8]",6.4109307030
"[3, 2, 1, 5, 4, 6, 7, 9, 8]",2.3427529663
"[3, 2, 1, 5, 4, 6, 7]",14.8666616828
"[3, 2, 1, 5, 4, 6, 8, 7, 9]",2.6221027055
"[3, 2, 1, 5, 4, 6, 8, 7]",5.6874295336
"[3, 2, 1, 5, 4, 6]",28.5132689552
"[3, 2, 1, 5, 4, 7, 6, 8, 9]",3.1131462229
"[3, 2, 1, 5, 4, 7, 6, 8]",3.4947454423
"[3, 2, 1, 5, 4, 7, 6]",8.3732184132
"[3, 2, 1, 5, 4]",74.7595235989
"[3, 2, 1, 5, 6, 4, 7]",3.8424541064
"[3, 2, 1, 5, 6, 4]",17.5920601865
"[3, 2, 1, 5, 6, 7, 4, 8]",2.2703005874
"[3, 2, 1, 5, 6, 7, 4]",4.0653855848
"[3, 2, 1, 5, 7, 4, 6]",2.9025755323
"[3, 2, 1, 5, 7, 6, 4]",4.2116842332
"[3, 2, 1, 5, 7, 8, 6, 4]",2.0176099566
"[3, 2, 1, 5, 8, 6, 7, 4]",3.9159874912
"[3, 2, 1, 6, 4, 5, 7, 8, 9]",2.4816073332
"[3, 2, 1, 6, 4, 5, 7, 8]",3.2527506706
"[3, 2, 1, 6, 4, 5, 7]",5.0923300110
"[3, 2, 1, 6, 4, 5]",11.2662910766
"[3, 2, 1, 6, 4, 7, 5]",2.4308466136
"[3, 2, 1, 6, 5, 4, 7, 8]",2.9059875362
"[3, 2, 1, 6, 5, 4, 7]",4.2178934560
"[3, 2, 1, 6, 5, 4]",15.8156892673
"[3, 2, 1]",3261.4867917543
"[3, 2, 4, 1, 5, 6, 7, 8, 9]",3.3044087026
"[3, 2, 4, 1, 5, 6, 7, 8]",5.8025985982
"[3, 2, 4, 1, 5, 6, 7]",7.6885053034
"[3, 2, 4, 1, 5, 6]",13.5683187812
"[3, 2, 4, 1, 5, 7, 6]",3.0813452798
"[3, 2, 4, 1, 5]",25.3176696940
"[3, 2, 4, 1, 6, 5]",5.5279508075
"[3, 2, 4, 1, 7, 6, 5]",2.4902150328
"[3, 2, 4, 1]",229.0820623009
"[3, 2, 4, 5, 1, 6, 7, 8, 9]",2.4977671571
"[3, 2, 4, 5, 1, 6, 7, 8]",2.4976587776
"[3, 2, 4, 5, 1, 6, 7]",3.0519291636
"[3, 2, 4, 5, 1, 6]",4.7574025665
"[3, 2, 4, 5, 1]",47.3547296698
"[3, 2, 4, 5, 6, 1]",12.0366837374
"[3, 2, 4, 5, 6, 7, 1]",4.1028899956
"[3, 2, 4, 5, 6, 7, 8, 1]",2.0839888711
"[3, 2, 4, 5, 7, 6, 1]",5.5446692001
"[3, 2, 4, 5, 8, 7, 6, 1]",2.1679021227
"[3, 2, 4, 6, 1, 5]",3.2032497822
"[3, 2, 4, 6, 5, 1]",24.6374319176
"[3, 2, 4, 6, 7, 5, 1]",9.7799588696
"[3, 2, 4, 7, 6, 5, 1]",2.9265221086
"[3, 2, 5, 1, 4, 6, 7]",4.0973554570
"[3, 2, 5, 1, 4, 6]",7.8513213962
"[3, 2, 5, 1, 4, 7, 6]",3.7543066270
"[3, 2, 5, 1, 4]",19.1534321801
"[3, 2, 5, 1, 6, 4]",2.5923812250
"[3, 2, 5, 4, 1, 6]",2.8294883976
"[3, 2, 5, 4, 1]",57.5190378366
"[3, 2, 5, 4, 6, 1]",4.9429250488
"[3, 2, 5, 4, 6, 7, 1]",2.0953420762
"[3, 2, 5, 6, 4, 1]",15.5932656538
"[3, 2, 5, 6, 7, 4, 1]",3.0271270037
"[3, 2, 5, 7, 6, 4, 1]",10.2388952432
"[3, 2, 6, 4, 1, 5, 7]",2.6202616460
"[3, 2, 6, 4, 1, 5]",5.5698526797
"[3, 2, 6, 5, 1, 4, 7]",2.6700522888
"[3, 2, 6, 5, 1, 4]",3.4462910511
"[3, 2, 6, 5, 4, 1, 7]",2.1356405038
"[3, 2, 6, 5, 4, 1]",14.7397684227
"[3, 2, 6, 5, 7, 4, 1]",3.0022029824
"[3, 2, 6, 7, 5, 4, 1]",2.9242887715
"[3, 2, 6, 8, 7, 5, 4, 1]",2.3168500804
"[3, 2, 7, 5, 6, 4, 1]",2.3769957091
"[3, 2, 7, 8, 6, 5, 4, 1]",2.0982226804
"[3, 4, 1, 2, 5, 6, 7, 8, 9, 10]",2.0363301606
"[3, 4, 1, 2, 5, 6, 7, 8, 9]",3.8352398544
"[3, 4, 1, 2, 5, 6, 7, 8]",7.7061640910
"[3, 4, 1, 2, 5, 6, 7]",14.1858514894
"[3, 4, 1, 2, 5, 6, 8, 7]",4.2866061633
"[3, 4, 1, 2, 5, 6]",34.5425404398
"[3, 4, 1, 2, 5, 7, 6, 8, 9]",2.4362215548
"[3, 4, 1, 2, 5, 7, 6, 8]",4.5880507230
"[3, 4, 1, 2, 5, 7, 6, 9, 8, 10]",2.1521216366
"[3, 4, 1, 2, 5, 7, 6, 9, 8]",2.1520282548
"[3, 4, 1, 2, 5, 7, 6]",10.6848937293
"[3, 4, 1, 2, 5]",63.6447608289
"[3, 4, 1, 2, 6, 5, 7]",2.6377308369
"[3, 4, 1, 2, 6, 5]",13.8913410716
"[3, 4, 1, 2, 6, 7, 5]",3.2820510508
"[3, 4, 1, 2, 7, 6, 5]",3.6811988866
"[3, 4, 1, 2]",329.8398066288
"[3, 4, 1, 5, 2]",17.5606414398
"[3, 4, 1, 5, 6, 2]",5.3374448903
"[3, 4, 1, 6, 2, 5]",2.9470182646
"[3, 4, 1, 6, 5, 2]",3.1121426712
"[3, 4, 1, 7, 6, 5, 2]",2.6138088254
"[3, 4, 2, 1, 5, 6, 7, 8, 10, 9]",3.2921230090
"[3, 4, 2, 1, 5, 6, 7, 8, 9, 10]",3.1008000258
"[3, 4, 2, 1, 5, 6, 7, 8, 9]",7.5516195757
"[3, 4, 2, 1, 5, 6, 7, 8]",10.9200600490
"[3, 4, 2, 1, 5, 6, 7]",19.9172482462
"[3, 4, 2, 1, 5, 6, 8, 7]",5.1634256953
"[3, 4, 2, 1, 5, 6]",38.5739113917
"[3, 4, 2, 1, 5, 7, 6, 8]",3.8458364003
"[3, 4, 2, 1, 5, 7, 6]",13.2237852478
"[3, 4, 2, 1, 5, 7, 8, 6]",3.4014781831
"[3, 4, 2, 1, 5, 8, 6, 7]",2.2086367458
"[3, 4, 2, 1, 5, 8, 7, 6, 9]",2.7162108893
"[3, 4, 2, 1, 5, 8, 7, 6]",4.5739497086
"[3, 4, 2, 1, 5]",61.1522521093
"[3, 4, 2, 1, 6, 5, 7, 8]",2.2625453538
"[3, 4, 2, 1, 6, 5, 7]",4.3096795423
"[3, 4, 2, 1, 6, 5]",12.0431591685
"[3, 4, 2, 1, 6, 7, 5]",3.2966306910
"[3, 4, 2, 1, 7, 5, 6]",2.1222799940
"[3, 4, 2, 1]",770.5415672933
"[3, 4, 2, 5, 1]",27.4933956187
"[3, 4, 2, 5, 6, 1]",6.7052724461
"[3, 4, 2, 5, 6, 8, 7, 1]",2.4515649835
"[3, 4, 2, 5, 7, 6, 1]",2.8391408899
"[3, 4, 2, 6, 5, 1]",4.6940171965
"[3, 4, 5, 1, 2, 6, 7]",6.1605912685
"[3, 4, 5, 1, 2, 6, 8, 7]",2.7648055182
"[3, 4, 5, 1, 2, 6]",13.0830092288
"[3, 4, 5, 1, 2, 7, 6]",2.7873688295
"[3, 4, 5, 1, 2]",68.8941059923
"[3, 4, 5, 2, 1, 6, 7, 8, 9]",2.0531866704
"[3, 4, 5, 2, 1, 6, 7, 8]",4.9971469100
"[3, 4, 5, 2, 1, 6, 7]",5.4465672042
"[3, 4, 5, 2, 1, 6]",7.0850165634
"[3, 4, 5, 2, 1]",156.1428513181
"[3, 4, 5, 6, 1, 2, 7, 8]",2.6293271370
"[3, 4, 5, 6, 1, 2, 7]",4.3182922217
"[3, 4, 5, 6, 1, 2]",13.5508292919
"[3, 4, 5, 6, 2, 1]",30.8493388172
"[3, 4, 5, 6, 7, 2, 1]",7.6685799392
"[3, 4, 5, 7, 6, 1, 2]",4.1215629975
"[3, 4, 5, 7, 6, 2, 1]",14.0652471019
"[3, 4, 5, 7, 8, 6, 2, 1]",5.1512310210
"[3, 4, 5, 8, 7, 6, 2, 1]",5.9409074595
"[3, 4, 6, 1, 2, 5, 7]",2.2244371546
"[3, 4, 6, 1, 2, 5]",7.1793871677
"[3, 4, 6, 2, 1, 5]",5.3972187348
"[3, 4, 6, 5, 1, 2, 7, 8, 9]",2.1519909893
"[3, 4, 6, 5, 1, 2, 7, 8]",2.1518976132
"[3, 4, 6, 5, 1, 2, 7]",2.5693949495
"[3, 4, 6, 5, 1, 2]",29.9215757365
"[3, 4, 6, 5, 2, 1]",60.1576945456
"[3, 4, 6, 5, 7, 2, 1]",4.1305324495
"[3, 4, 6, 7, 5, 1, 2]",7.4656538999
"[3, 4, 6, 7, 5, 2, 1]",18.7285978911
"[3, 4, 6, 7, 8, 5, 1, 2]",2.0110154854
"[3, 4, 6, 7, 8, 5, 2, 1]",2.4208818578
"[3, 4, 6, 8, 7, 5, 2, 1]",3.5645577067
"[3, 4, 6, 9, 8, 7, 5, 2, 1]",2.5487987511
"[3, 4, 7, 5, 2, 1, 6]",2.1881795983
"[3, 4, 7, 5, 6, 1, 2]",2.9660160359
"[3, 4, 7, 5, 6, 2, 1]",7.6453208227
"[3, 4, 7, 6, 2, 1, 5]",2.4083190832
"[3, 4, 7, 6, 5, 1, 2]",4.6744778332
"[3, 4, 7, 6, 5, 2, 1]",18.6771325652
"[3, 4, 7, 8, 6, 5, 1, 2]",3.4910586062
"[3, 4, 7, 8, 6, 5, 2, 1]",5.9327186006
"[3, 4, 8, 6, 7, 5, 2, 1]",2.5154132716
"[3, 5, 1, 2, 4, 6, 7, 8, 9]",2.6004726194
"[3, 5, 1, 2, 4, 6, 7, 8]",3.0923808691
"[3, 5, 1, 2, 4, 6, 7]",8.4983737326
"[3, 5, 1, 2, 4, 6]",15.0799717255
"[3, 5, 1, 2, 4, 7, 6]",2.5079619658
"[3, 5, 1, 2, 4]",37.9479680190
"[3, 5, 1, 2, 6, 4]",4.9577122307
"[3, 5, 1, 4, 2, 6, 7]",4.0922750521
"[3, 5, 1, 4, 2, 6]",6.3798331265
"[3, 5, 1, 4, 2]",20.4536212230
"[3, 5, 1, 4, 6, 2]",3.5226120606
"[3, 5, 2, 1, 4, 6, 7, 8, 9]",2.2700245061
"[3, 5, 2, 1, 4, 6, 7, 8]",3.9692808909
"[3, 5, 2, 1, 4, 6, 7]",6.5636756161
"[3, 5, 2, 1, 4, 6]",11.2752636831
"[3, 5, 2, 1, 4, 7, 6]",2.0812675612
"[3, 5, 2, 1, 4]",29.7242416453
"[3, 5, 2, 4, 1]",26.7719238661
"[3, 5, 2, 4, 6, 1]",3.9679611559
"[3, 5, 2, 6, 4, 1]",5.3333129769
"[3, 5, 4, 1, 2, 6, 7, 8, 9]",2.7724611739
"[3, 5, 4, 1, 2, 6, 7, 8]",7.5415136650
"[3, 5, 4, 1, 2, 6, 7, 9, 8]",2.4479458186
"[3, 5, 4, 1, 2, 6, 7]",13.6276220269
"[3, 5, 4, 1, 2, 6, 8, 9, 7]",2.3214339171
"[3, 5, 4, 1, 2, 6]",17.4855125879
"[3, 5, 4, 1, 2]",107.2293902504
"[3, 5, 4, 2, 1, 6, 7, 8]",3.4268289472
"[3, 5, 4, 2, 1, 6, 7]",5.9903610474
"[3, 5, 4, 2, 1, 6]",8.9697440609
"[3, 5, 4, 2, 1]",234.6279195004
"[3, 5, 4, 2, 6, 1]",3.4119554008
"[3, 5, 4, 6, 1, 2]",5.6516136738
"[3, 5, 4, 6, 2, 1]",19.8287627539
"[3, 5, 4, 6, 7, 2, 1]",3.7929517404
"[3, 5, 4, 6, 8, 7, 2, 1]",3.4933590484
"[3, 5, 4, 7, 6, 2, 1]",4.1699747446
"[3, 5, 6, 1, 2, 4]",4.8248774424
"[3, 5, 6, 1, 4, 2]",3.8698585881
"[3, 5, 6, 2, 1, 4, 7]",2.8344123911
"[3, 5, 6, 2, 1, 4]",6.4529333599
"[3, 5, 6, 2, 4, 1]",3.4223862209
"[3, 5, 6, 4, 1, 2]",31.5498145739
"[3, 5, 6, 4, 2, 1]",62.0161322147
"[3, 5, 6, 4, 7, 1, 2]",2.5632790268
"[3, 5, 6, 4, 7, 2, 1]",3.3945495345
"[3, 5, 6, 7, 4, 1, 2]",4.5315538467
"[3, 5, 6, 7, 4, 2, 1]",12.0206105395
"[3, 5, 6, 8, 7, 4, 1, 2]",3.6424604725
"[3, 5, 6, 8, 7, 4, 2, 1]",4.1129724137
"[3, 5, 6, 9, 8, 7, 4, 2, 1]",2.6104541565
"[3, 5, 7, 4, 6, 2, 1]",5.4114433456
"[3, 5, 7, 6, 1, 2, 4]",3.9886512174
"[3, 5, 7, 6, 2, 1, 4]",2.7064740854
"[3, 5, 7, 6, 2, 4, 1]",2.8888574639
"[3, 5, 7, 6, 4, 1, 2]",12.1122478519
"[3, 5, 7, 6, 4, 2, 1]",21.8612164078
"[3, 5, 7, 8, 6, 4, 2, 1]",4.9729323717
"[3, 5, 8, 6, 7, 4, 1, 2]",2.3431610953
"[3, 5, 8, 6, 7, 4, 2, 1]",2.9876416325
"[3, 5, 8, 7, 4, 6, 2, 1]",2.2890779386
"[3, 5, 8, 7, 6, 4, 2, 1]",4.6505756701
"[3, 6, 1, 2, 4, 5]",5.7411438373
"[3, 6, 1, 2, 5, 4]",2.8910408048
"[3, 6, 2, 1, 4, 5, 7]",2.9340084984
"[3, 6, 2, 1, 4, 5]",4.3937442542
"[3, 6, 2, 1, 4, 7, 5]",2.1929178727
"[3, 6, 2, 1, 5, 4]",3.9706101587
"[3, 6, 2, 4, 1, 5]",2.0675398078
"[3, 6, 2, 5, 4, 1]",2.6458825119
"[3, 6, 2, 5, 7, 4, 1]",2.2824282387
"[3, 6, 4, 1, 2, 5]",6.1219009276
"[3, 6, 4, 1, 2, 7, 8, 5]",2.3133125964
"[3, 6, 4, 1, 5, 2]",2.9676408249
"[3, 6, 4, 2, 1, 5, 7]",4.8192035887
"[3, 6, 4, 2, 1, 5]",8.5855504159
"[3, 6, 4, 2, 5, 1]",7.2202971949
"[3, 6, 4, 5, 1, 2, 7]",2.4765910000
"[3, 6, 4, 5, 1, 2]",14.1184222484
"[3, 6, 4, 5, 2, 1]",25.1880427891
"[3, 6, 4, 5, 8, 7, 2, 1]",2.3730898102
"[3, 6, 4, 7, 5, 1, 2]",3.6341304178
"[3, 6, 4, 7, 8, 5, 1, 2]",2.2474404955
"[3, 6, 4, 8, 7, 5, 2, 1]",3.0104075109
"[3, 6, 5, 1, 2, 4, 7]",2.0024359435
"[3, 6, 5, 1, 2, 4]",5.8004839580
"[3, 6, 5, 1, 4, 2]",5.7883620485
"[3, 6, 5, 2, 1, 4, 7]",2.1933677258
"[3, 6, 5, 2, 1, 4]",9.9826919302
"[3, 6, 5, 2, 4, 1]",9.8749315907
"[3, 6, 5, 4, 1, 2]",23.7350728737
"[3, 6, 5, 4, 2, 1]",58.7262786095
"[3, 6, 5, 4, 7, 2, 1]",3.9779302786
"[3, 6, 5, 7, 1, 2, 4]",2.2294144081
"[3, 6, 5, 7, 4, 1, 2]",3.7987799678
"[3, 6, 5, 7, 4, 2, 1]",6.7068110048
"[3, 6, 5, 8, 7, 4, 2, 1]",2.6048358962
"[3, 6, 7, 2, 4, 5, 1]",2.2287905722
"[3, 6, 7, 4, 1, 2, 5]",4.1268053239
"[3, 6, 7, 4, 5, 1, 2]",3.4100736567
"[3, 6, 7, 4, 5, 2, 1]",12.1682055957
"[3, 6, 7, 5, 1, 2, 4]",4.0039322197
"[3, 6, 7, 5, 1, 4, 2]",2.9293080788
"[3, 6, 7, 5, 2, 1, 4]",2.6242601996
"[3, 6, 7, 5, 2, 4, 1]",3.3398813081
"[3, 6, 7, 5, 4, 1, 2]",11.4793448837
"[3, 6, 7, 5, 4, 2, 1]",13.3002104650
"[3, 6, 7, 8, 5, 4, 2, 1]",5.3833813243
"[3, 6, 7, 9, 8, 4, 5, 2, 1]",2.1173314990
"[3, 6, 8, 7, 4, 5, 2, 1]",3.8927338246
"[3, 6, 8, 7, 5, 2, 1, 4]",2.7922477907
"[3, 6, 8, 7, 5, 2, 4, 1]",2.2856889803
"[3, 6, 8, 7, 5, 4, 1, 2]",3.2918207929
"[3, 6, 8, 7, 5, 4, 2, 1]",3.6952896398
"[3, 7, 4, 2, 1, 5, 6]",2.4792440035
"[3, 7, 4, 6, 1, 2, 5]",2.5295012069
"[3, 7, 4, 6, 5, 2, 1]",2.8900187632
"[3, 7, 5, 4, 2, 1, 6]",2.0576777153
"[3, 7, 5, 4, 6, 2, 1]",3.9289853005
"[3, 7, 5, 6, 4, 2, 1]",7.0664672406
"[3, 7, 6, 4, 1, 2, 5, 8]",2.5748035535
"[3, 7, 6, 4, 1, 2, 5]",4.0881323660
"[3, 7, 6, 4, 5, 1, 2]",2.9831746618
"[3, 7, 6, 4, 5, 2, 1]",4.5772954462
"[3, 7, 6, 5, 1, 2, 4]",4.6415855051
"[3, 7, 6, 5, 2, 4, 1]",3.2394286716
"[3, 7, 6, 5, 4, 1, 2]",3.9359921698
"[3, 7, 6, 5, 4, 2, 1]",10.9339572272
"[3, 7, 6, 8, 4, 5, 2, 1]",2.1638271089
"[3, 7, 8, 6, 4, 5, 1, 2]",2.6699049678
"[3, 7, 8, 6, 5, 4, 2, 1]",3.9360905132
"[3, 8, 7, 6, 5, 4, 2, 1]",2.9887396349
"[3, 8, 7, 9, 10, 6, 5, 4, 1, 2]",2.6447126528
"[4, 1, 2, 3, 5, 6, 7, 8, 10, 9, 11]",2.2439754339
"[4, 1, 2, 3, 5, 6, 7, 8, 10, 9]",3.7923310638
"[4, 1, 2, 3, 5, 6, 7, 8, 9, 10, 11, 12]",4.0026867446
"[4, 1, 2, 3, 5, 6, 7, 8, 9, 10, 11, 13, 12]",2.1908614394
"[4, 1, 2, 3, 5, 6, 7, 8, 9, 10, 11]",5.2439562815
"[4, 1, 2, 3, 5, 6, 7, 8, 9, 10]",6.5772809574
"[4, 1, 2, 3, 5, 6, 7, 8, 9]",11.2750851495
"[4, 1, 2, 3, 5, 6, 7, 8]",21.2536996040
"[4, 1, 2, 3, 5, 6, 7, 9, 8]",5.6959609160
"[4, 1, 2, 3, 5, 6, 7]",32.7743605568
"[4, 1, 2, 3, 5, 6, 8, 7, 9]",2.5568296230
"[4, 1, 2, 3, 5, 6, 8, 7]",4.1039583885
"[4, 1, 2, 3, 5, 6, 8, 9, 7]",2.5249172354
"[4, 1, 2, 3, 5, 6]",71.0758470420
"[4, 1, 2, 3, 5, 7, 6, 8, 9, 10]",4.5185754963
"[4, 1, 2, 3, 5, 7, 6, 8, 9]",5.3848544073
"[4, 1, 2, 3, 5, 7, 6, 8]",8.5226509624
"[4, 1, 2, 3, 5, 7, 6, 9, 8]",2.5155563607
"[4, 1, 2, 3, 5, 7, 6]",22.0162834898
"[4, 1, 2, 3, 5, 7, 8, 6]",3.1821774885
"[4, 1, 2, 3, 5, 8, 6, 7]",3.7914126172
"[4, 1, 2, 3, 5, 8, 7, 6]",4.2462302015
"[4, 1, 2, 3, 5, 9, 8, 7, 6]",2.1952962890
"[4, 1, 2, 3, 5]",126.8923076467
"[4, 1, 2, 3, 6, 5, 7, 8]",2.9308980228
"[4, 1, 2, 3, 6, 5, 7]",10.1828207557
"[4, 1, 2, 3, 6, 5, 8, 7]",3.9815708646
"[4, 1, 2, 3, 6, 5]",29.1323265165
"[4, 1, 2, 3, 6, 7, 5]",9.3042310364
"[4, 1, 2, 3, 6, 7, 8, 5]",2.2953122284
"[4, 1, 2, 3, 7, 5, 6, 8]",2.6682228436
"[4, 1, 2, 3, 7, 5, 6]",7.5489127734
"[4, 1, 2, 3, 7, 6, 5, 8]",3.5683282772
"[4, 1, 2, 3, 7, 6, 5]",6.9079760978
"[4, 1, 2, 3, 7, 8, 6, 5]",2.0097927740
"[4, 1, 2, 3, 8, 6, 7, 5]",2.6483317716
"[4, 1, 2, 3]",370.9514038022
"[4, 1, 2, 5, 3, 6, 7, 8, 9]",3.0384954726
"[4, 1, 2, 5, 3, 6, 7, 8]",8.4039248992
"[4, 1, 2, 5, 3, 6, 7]",9.7901613422
"[4, 1, 2, 5, 3, 6, 8, 9, 7]",2.9410609268
"[4, 1, 2, 5, 3, 6]",12.0642960433
"[4, 1, 2, 5, 3]",44.0546669906
"[4, 1, 2, 5, 6, 3, 7]",3.1015349228
"[4, 1, 2, 5, 6, 3]",16.1424155693
"[4, 1, 2, 5, 6, 8, 9, 7, 3]",2.4312719177
"[4, 1, 2, 5, 7, 6, 3]",3.9900760787
"[4, 1, 2, 5, 8, 7, 6, 3]",2.8477392022
"[4, 1, 2, 6, 3, 5, 7]",2.1358020494
"[4, 1, 2, 6, 3, 5]",3.0953671795
"[4, 1, 2, 6, 5, 3]",10.1072009755
"[4, 1, 2, 6, 7, 3, 5, 8]",2.7134794046
"[4, 1, 2, 6, 7, 3, 5]",4.0880668867
"[4, 1, 2, 6, 7, 5, 3]",7.2582926676
"[4, 1, 2, 7, 6, 5, 3]",2.2147960598
"[4, 1, 3, 2, 5, 6, 7, 8, 10, 9]",2.2813230501
"[4, 1, 3, 2, 5, 6, 7, 8, 9]",4.0233132430
"[4, 1, 3, 2, 5, 6, 7, 8]",6.5325284319
"[4, 1, 3, 2, 5, 6, 7, 9, 8]",2.5094986512
"[4, 1, 3, 2, 5, 6, 7]",16.8445407970
"[4, 1, 3, 2, 5, 6, 8, 7, 9]",2.1924016591
"[4, 1, 3, 2, 5, 6, 8, 7]",3.7377161472
"[4, 1, 3, 2, 5, 6]",29.8333870056
"[4, 1, 3, 2, 5, 7, 6, 8]",3.5029612941
"[4, 1, 3, 2, 5, 7, 6]",6.7073713496
"[4, 1, 3, 2, 5, 7, 8, 6]",2.9694793132
"[4, 1, 3, 2, 5]",44.5984005063
"[4, 1, 3, 2, 6, 5]",7.4927717572
"[4, 1, 3, 2, 6, 7, 5, 8]",2.1450900984
"[4, 1, 3, 2, 6, 7, 5]",5.0192942083
"[4, 1, 3, 2]",233.4219025793
"[4, 1, 3, 5, 2, 6, 7, 8]",2.0849519285
"[4, 1, 3, 5, 2, 6, 7]",2.0848614613
"[4, 1, 3, 5, 2, 6]",3.6513494280
"[4, 1, 3, 5, 2]",22.8248894417
"[4, 1, 3, 5, 6, 2, 7]",2.4011472332
"[4, 1, 3, 5, 6, 2]",6.4642685209
"[4, 1, 3, 5, 7, 6, 2]",2.5880433638
"[4, 1, 3, 6, 2, 5]",4.0420096930
"[4, 1, 3, 6, 5, 2, 7]",2.0537823180
"[4, 1, 3, 6, 5, 2]",11.4311530484
"[4, 1, 3, 6, 7, 5, 2]",3.7466371598
"[4, 1, 3, 7, 6, 2, 5]",4.2247145699
"[4, 1, 5, 2, 3, 6, 7, 8]",4.3563473516
"[4, 1, 5, 2, 3, 6, 7]",5.2723185606
"[4, 1, 5, 2, 3, 6]",7.1333916868
"[4, 1, 5, 2, 3]",17.7601905452
"[4, 1, 5, 3, 2, 6]",3.6212667206
"[4, 1, 5, 3, 2]",18.3215187312
"[4, 1, 5, 3, 6, 2]",2.4140104861
"[4, 1, 5, 6, 2, 3]",3.1536492106
"[4, 1, 5, 6, 3, 2]",2.5474523277
"[4, 1, 6, 5, 2, 3, 7]",2.8195084326
"[4, 1, 6, 5, 2, 3]",3.9740739313
"[4, 1, 6, 5, 3, 2]",3.8008976458
"[4, 1, 6, 7, 5, 2, 3]",2.0005022609
"[4, 2, 1, 3, 5, 6, 7, 8, 10, 9, 11]",2.0147346370
"[4, 2, 1, 3, 5, 6, 7, 8, 10, 9]",3.3660912213
"[4, 2, 1, 3, 5, 6, 7, 8, 9, 10, 11]",2.7531382368
"[4, 2, 1, 3, 5, 6, 7, 8, 9, 10]",5.7348947030
"[4, 2, 1, 3, 5, 6, 7, 8, 9, 11, 10]",2.4934307265
"[4, 2, 1, 3, 5, 6, 7, 8, 9]",11.7549406670
"[4, 2, 1, 3, 5, 6, 7, 8]",21.7237594245
"[4, 2, 1, 3, 5, 6, 7, 9, 8, 10]",2.0287574625
"[4, 2, 1, 3, 5, 6, 7, 9, 8]",4.8172245575
"[4, 2, 1, 3, 5, 6, 7]",41.2649698615
"[4, 2, 1, 3, 5, 6, 8, 7, 9]",3.3499034495
"[4, 2, 1, 3, 5, 6, 8, 7]",11.8006172789
"[4, 2, 1, 3, 5, 6, 8, 9, 7]",2.6502562412
"[4, 2, 1, 3, 5, 6, 9, 8, 7]",2.5256703635
"[4, 2, 1, 3, 5, 6]",86.5970931809
"[4, 2, 1, 3, 5, 7, 6, 8]",5.6751176653
"[4, 2, 1, 3, 5, 7, 6, 9, 8]",2.9744730829
"[4, 2, 1, 3, 5, 7, 6]",25.0953218062
"[4, 2, 1, 3, 5, 7, 8, 6]",4.8855125836
"[4, 2, 1, 3, 5, 7, 9, 8, 6]",3.1342902451
"[4, 2, 1, 3, 5, 8, 6, 7]",4.8967551493
"[4, 2, 1, 3, 5, 8, 7, 6]",6.2939378174
"[4, 2, 1, 3, 5]",142.4886150855
"[4, 2, 1, 3, 6, 5, 7, 8, 9]",3.3235486432
"[4, 2, 1, 3, 6, 5, 7, 8]",7.9871812443
"[4, 2, 1, 3, 6, 5, 7, 9, 8]",2.8710076661
"[4, 2, 1, 3, 6, 5, 7]",9.7708076861
"[4, 2, 1, 3, 6, 5]",30.5017787063
"[4, 2, 1, 3, 6, 7, 5, 8, 9]",2.6559363793
"[4, 2, 1, 3, 6, 7, 5, 8]",2.6558211368
"[4, 2, 1, 3, 6, 7, 5]",10.3913750975
"[4, 2, 1, 3, 6, 8, 7, 5]",4.3012340428
"[4, 2, 1, 3, 7, 5, 6]",4.0677694507
"[4, 2, 1, 3, 7, 6, 5, 8]",2.2068134180
"[4, 2, 1, 3, 7, 6, 5]",6.1239391346
"[4, 2, 1, 3, 7, 8, 6, 5]",2.6846520320
"[4, 2, 1, 3]",449.3667561516
"[4, 2, 1, 5, 3, 6, 7]",3.2730383910
"[4, 2, 1, 5, 3, 6]",7.5346396131
"[4, 2, 1, 5, 3, 7, 6]",2.2868789638
"[4, 2, 1, 5, 3]",34.4649761536
"[4, 2, 1, 5, 6, 3, 7, 8]",2.6048693216
"[4, 2, 1, 5, 6, 3, 7]",3.8780139245
"[4, 2, 1, 5, 6, 3]",8.9642857681
"[4, 2, 1, 6, 3, 5, 7, 8]",2.7388315525
"[4, 2, 1, 6, 3, 5, 7]",5.0120472682
"[4, 2, 1, 6, 3, 5]",5.7732052603
"[4, 2, 1, 6, 5, 3]",5.4545415547
"[4, 2, 1, 7, 6, 5, 3]",3.5531339428
"[4, 2, 3, 1, 5, 6, 7, 8, 9, 10]",2.1128048724
"[4, 2, 3, 1, 5, 6, 7, 8, 9]",2.9831222198
"[4, 2, 3, 1, 5, 6, 7, 8]",4.7034013169
"[4, 2, 3, 1, 5, 6, 7]",10.5034143751
"[4, 2, 3, 1, 5, 6, 8, 7]",4.1328671226
"[4, 2, 3, 1, 5, 6]",15.1414728352
"[4, 2, 3, 1, 5]",31.2865646383
"[4, 2, 3, 1, 6, 5, 7, 8]",2.3002907959
"[4, 2, 3, 1, 6, 5, 7]",4.4053074324
"[4, 2, 3, 1, 6, 5]",9.2049423083
"[4, 2, 3, 1]",490.7158042118
"[4, 2, 3, 5, 1, 6]",3.9740642665
"[4, 2, 3, 5, 1]",34.1274156142
"[4, 2, 3, 5, 6, 1]",6.7059144142
"[4, 2, 3, 5, 7, 6, 1]",2.3830687374
"[4, 2, 3, 6, 1, 5]",2.3890073150
"[4, 2, 3, 6, 5, 1]",12.5540961027
"[4, 2, 3, 6, 7, 5, 1]",5.1123163495
"[4, 2, 5, 1, 3, 6, 7, 8]",2.0041101393
"[4, 2, 5, 1, 3, 6, 7]",3.7903363591
"[4, 2, 5, 1, 3, 6]",7.0907087013
"[4, 2, 5, 1, 3]",18.6998843029
"[4, 2, 5, 3, 1, 6]",2.7292999716
"[4, 2, 5, 3, 1]",51.1698303189
"[4, 2, 5, 6, 3, 1]",16.4988728480
"[4, 2, 5, 6, 7, 1, 3]",2.0581835086
"[4, 2, 5, 7, 6, 3, 1]",5.1624670122
"[4, 2, 6, 1, 5, 3]",2.8433806973
"[4, 2, 6, 3, 1, 5, 7]",2.3157115815
"[4, 2, 6, 3, 1, 5]",3.8897394799
"[4, 2, 6, 3, 5, 1]",5.2458507642
"[4, 2, 6, 5, 1, 3]",4.9206212848
"[4, 2, 6, 5, 3, 1]",16.7187972318
"[4, 2, 7, 6, 3, 5, 1]",2.1463308751
"[4, 2, 7, 6, 5, 3, 1]",3.0039695632
"[4, 3, 1, 2, 5, 6, 7, 8, 10, 9]",2.8241035809
"[4, 3, 1, 2, 5, 6, 7, 8, 9, 10, 11]",2.8316338968
"[4, 3, 1, 2, 5, 6, 7, 8, 9, 10]",6.0385253448
"[4, 3, 1, 2, 5, 6, 7, 8, 9]",12.1962846782
"[4, 3, 1, 2, 5, 6, 7, 8]",18.8081088690
"[4, 3, 1, 2, 5, 6, 7, 9, 10, 11, 8]",2.1014320222
"[4, 3, 1, 2, 5, 6, 7, 9, 8]",4.4106487109
"[4, 3, 1, 2, 5, 6, 7]",34.9850481945
"[4, 3, 1, 2, 5, 6, 8, 7, 9, 10]",2.0215786889
"[4, 3, 1, 2, 5, 6, 8, 7, 9]",3.3501731758
"[4, 3, 1, 2, 5, 6, 8, 7]",8.5809426426
"[4, 3, 1, 2, 5, 6, 9, 8, 7]",2.3698735370
"[4, 3, 1, 2, 5, 6]",67.9927140927
"[4, 3, 1, 2, 5, 7, 6, 8, 9]",2.7005831649
"[4, 3, 1, 2, 5, 7, 6, 8]",4.2475519171
"[4, 3, 1, 2, 5, 7, 6]",14.1558090272
"[4, 3, 1, 2, 5, 7, 8, 6]",3.6615347556
"[4, 3, 1, 2, 5, 7, 9, 8, 6]",2.4677783537
"[4, 3, 1, 2, 5, 8, 6, 7]",3.9160394082
"[4, 3, 1, 2, 5]",122.5494681406
"[4, 3, 1, 2, 6, 5, 7, 8, 9]",2.0960072781
"[4, 3, 1, 2, 6, 5, 7, 8]",3.1088396924
"[4, 3, 1, 2, 6, 5, 7]",9.5563496258
"[4, 3, 1, 2, 6, 5, 8, 7]",3.1318271347
"[4, 3, 1, 2, 6, 5]",27.1241174628
"[4, 3, 1, 2, 6, 7, 5]",6.5706052051
"[4, 3, 1, 2, 7, 5, 6]",4.3100735956
"[4, 3, 1, 2, 7, 5, 8, 6]",2.8297227110
"[4, 3, 1, 2, 7, 6, 5, 8, 9, 10]",2.0360226595
"[4, 3, 1, 2, 7, 6, 5, 8, 9]",2.0359343154
"[4, 3, 1, 2, 7, 6, 5, 8]",2.4270715825
"[4, 3, 1, 2, 7, 6, 5]",4.1700592585
"[4, 3, 1, 2]",852.4947037012
"[4, 3, 1, 5, 2]",13.7878948971
"[4, 3, 1, 5, 6, 2]",5.2756143706
"[4, 3, 1, 6, 5, 2]",5.3143119602
"[4, 3, 2, 1, 5, 6, 7, 8, 10, 9]",3.0415840857
"[4, 3, 2, 1, 5, 6, 7, 8, 9, 10]",3.0858987638
"[4, 3, 2, 1, 5, 6, 7, 8, 9]",6.5987132211
"[4, 3, 2, 1, 5, 6, 7, 8]",10.7431137832
"[4, 3, 2, 1, 5, 6, 7]",24.2960032947
"[4, 3, 2, 1, 5, 6, 8, 7, 9, 10]",2.1390384870
"[4, 3, 2, 1, 5, 6, 8, 7, 9]",2.7194437537
"[4, 3, 2, 1, 5, 6, 8, 7]",8.5794630897
"[4, 3, 2, 1, 5, 6, 8, 9, 7]",2.8037762173
"[4, 3, 2, 1, 5, 6, 9, 8, 7, 10]",2.5545319157
"[4, 3, 2, 1, 5, 6, 9, 8, 7]",2.9914398033
"[4, 3, 2, 1, 5, 6]",42.1437557368
"[4, 3, 2, 1, 5, 7, 6, 8]",2.5432495520
"[4, 3, 2, 1, 5, 7, 6]",10.8479356782
"[4, 3, 2, 1, 5, 7, 8, 6]",2.3428148928
"[4, 3, 2, 1, 5, 8, 7, 6]",3.4274094873
"[4, 3, 2, 1, 5]",71.3532861077
"[4, 3, 2, 1, 6, 5, 7]",4.4583352538
"[4, 3, 2, 1, 6, 5]",9.1400858611
"[4, 3, 2, 1, 6, 7, 5, 8]",2.3495525528
"[4, 3, 2, 1, 6, 7, 5]",5.6775973062
"[4, 3, 2, 1]",1531.3189776003
"[4, 3, 2, 5, 1]",27.9277070155
"[4, 3, 2, 5, 6, 1]",6.9220448002
"[4, 3, 2, 5, 7, 6, 1]",3.2911106703
"[4, 3, 2, 6, 5, 1]",6.3218539774
"[4, 3, 2, 6, 7, 5, 1]",3.5198513509
"[4, 3, 2, 7, 6, 5, 1]",2.2682945374
"[4, 3, 5, 1, 2, 6, 7]",2.3571477418
"[4, 3, 5, 1, 2, 6]",5.6742531727
"[4, 3, 5, 1, 2]",53.0829765872
"[4, 3, 5, 2, 1, 6]",6.8766933394
"[4, 3, 5, 2, 1, 7, 6]",2.6354240815
"[4, 3, 5, 2, 1]",108.1251461067
"[4, 3, 5, 2, 6, 1]",2.3171818194
"[4, 3, 5, 6, 1, 2, 7]",2.6012959556
"[4, 3, 5, 6, 1, 2]",8.4456362299
"[4, 3, 5, 6, 2, 1]",26.6867016113
"[4, 3, 5, 6, 7, 1, 2]",2.5305094046
"[4, 3, 5, 6, 7, 2, 1]",4.7957606365
"[4, 3, 5, 6, 7, 8, 2, 1]",2.8811824828
"[4, 3, 5, 6, 8, 7, 2, 1]",4.0062714634
"[4, 3, 5, 7, 6, 1, 2]",8.5284214163
"[4, 3, 5, 7, 6, 2, 1]",12.4732417810
"[4, 3, 5, 7, 8, 6, 1, 2]",2.2796304214
"[4, 3, 5, 7, 8, 6, 2, 1]",5.2738910027
"[4, 3, 6, 1, 2, 5]",2.7754949185
"[4, 3, 6, 1, 2, 7, 5]",2.1797214354
"[4, 3, 6, 1, 5, 2]",2.4784470763
"[4, 3, 6, 2, 1, 5]",2.0236161045
"[4, 3, 6, 2, 5, 1]",3.0266626707
"[4, 3, 6, 5, 1, 2]",10.5185562252
"[4, 3, 6, 5, 2, 1]",29.7695857859
"[4, 3, 6, 5, 7, 2, 1]",2.4416571031
"[4, 3, 6, 7, 5, 1, 2]",3.4259435053
"[4, 3, 6, 7, 5, 2, 1]",8.7067154036
"[4, 3, 6, 8, 7, 5, 2, 1]",5.2616040769
"[4, 3, 7, 6, 5, 1, 2]",2.3852586749
"[4, 3, 7, 6, 5, 2, 1]",7.4223823967
"[4, 3, 7, 8, 6, 5, 2, 1]",2.1111658970
"[4, 5, 1, 2, 3, 6, 7, 8]",3.0562280768
"[4, 5, 1, 2, 3, 6, 7]",7.2096123007
"[4, 5, 1, 2, 3, 6]",15.0625854504
"[4, 5, 1, 2, 3, 7, 6]",3.9986733395
"[4, 5, 1, 2, 3]",64.9861794789
"[4, 5, 1, 2, 6, 3]",4.4240756872
"[4, 5, 1, 2, 6, 7, 3]",2.1164170796
"[4, 5, 1, 2, 7, 6, 3]",2.2270382125
"[4, 5, 1, 3, 2, 6, 7, 8]",2.9804502997
"[4, 5, 1, 3, 2, 6, 7]",5.0124969027
"[4, 5, 1, 3, 2, 6]",5.4538155305
"[4, 5, 1, 3, 2]",42.3667888328
"[4, 5, 1, 3, 6, 2]",2.5401687750
"[4, 5, 1, 6, 2, 3]",3.1006806853
"[4, 5, 2, 1, 3, 6, 7, 8, 9]",2.4558229771
"[4, 5, 2, 1, 3, 6, 7, 8]",4.9487028813
"[4, 5, 2, 1, 3, 6, 7]",10.9101608271
"[4, 5, 2, 1, 3, 6, 8, 7]",4.0940640831
"[4, 5, 2, 1, 3, 6]",21.2178674273
"[4, 5, 2, 1, 3, 7, 6]",5.3767697141
"[4, 5, 2, 1, 3]",87.5490081996
"[4, 5, 2, 1, 6, 3]",3.8588203348
"[4, 5, 2, 3, 1, 6, 7, 8]",3.9154879374
"[4, 5, 2, 3, 1, 6, 7]",5.4245508430
"[4, 5, 2, 3, 1, 6]",8.2559557063
"[4, 5, 2, 3, 1]",113.7451528129
"[4, 5, 2, 3, 6, 1]",2.3091212633
"[4, 5, 2, 6, 1, 3, 7]",2.6165450076
"[4, 5, 2, 6, 1, 3]",3.5001833591
"[4, 5, 2, 6, 3, 1]",7.8048985276
"[4, 5, 2, 7, 6, 3, 1]",2.2100435568
"[4, 5, 3, 1, 2, 6, 7, 8, 9, 10]",3.4205835934
"[4, 5, 3, 1, 2, 6, 7, 8, 9]",4.7978366078
"[4, 5, 3, 1, 2, 6, 7, 8]",6.1778289541
"[4, 5, 3, 1, 2, 6, 7]",12.7528642724
"[4, 5, 3, 1, 2, 6, 8, 7]",2.2803111491
"[4, 5, 3, 1, 2, 6]",21.3890340868
"[4, 5, 3, 1, 2, 7, 6]",2.2493679219
"[4, 5, 3, 1, 2, 7, 8, 6]",2.2632640474
"[4, 5, 3, 1, 2]",209.7233669270
"[4, 5, 3, 1, 6, 2]",2.9262330409
"[4, 5, 3, 2, 1, 6, 7]",3.3229705831
"[4, 5, 3, 2, 1, 6]",5.9811413029
"[4, 5, 3, 2, 1]",367.1345797398
"[4, 5, 3, 6, 1, 2]",8.3200237745
"[4, 5, 3, 6, 2, 1]",13.1428627723
"[4, 5, 3, 6, 7, 2, 1]",4.1451204339
"[4, 5, 3, 7, 6, 2, 1]",2.5379884978
"[4, 5, 6, 1, 2, 3, 7]",2.3940010633
"[4, 5, 6, 1, 2, 3]",11.5931122402
"[4, 5, 6, 1, 3, 2]",8.4419913627
"[4, 5, 6, 2, 1, 3]",13.2314410835
"[4, 5, 6, 2, 3, 1]",23.0187742366
"[4, 5, 6, 3, 1, 2, 7, 8]",2.0428369769
"[4, 5, 6, 3, 1, 2, 7]",4.1253547585
"[4, 5, 6, 3, 1, 2]",38.8979674360
"[4, 5, 6, 3, 2, 1]",81.3937895137
"[4, 5, 6, 7, 2, 3, 1]",5.6176684502
"[4, 5, 6, 7, 3, 1, 2]",7.9310612203
"[4, 5, 6, 7, 3, 2, 1]",17.5296136206
"[4, 5, 6, 7, 8, 3, 1, 2]",2.8647101275
"[4, 5, 6, 7, 8, 3, 2, 1]",3.6708414617
"[4, 5, 6, 8, 7, 3, 1, 2]",2.3262761827
"[4, 5, 6, 8, 7, 3, 2, 1]",8.5463944694
"[4, 5, 6, 8, 9, 7, 3, 1, 2]",2.0614797543
"[4, 5, 6, 9, 8, 7, 3, 2, 1]",4.2400771597
"[4, 5, 7, 1, 2, 3, 6]",2.3244210533
"[4, 5, 7, 6, 1, 2, 3]",6.3867907875
"[4, 5, 7, 6, 1, 3, 2]",3.9598451871
"[4, 5, 7, 6, 2, 1, 3, 8, 9]",2.5865790670
"[4, 5, 7, 6, 2, 1, 3, 8]",2.5864668339
"[4, 5, 7, 6, 2, 1, 3]",8.0647839835
"[4, 5, 7, 6, 2, 3, 1]",10.6232705670
"[4, 5, 7, 6, 3, 1, 2]",15.2749438336
"[4, 5, 7, 6, 3, 2, 1]",28.2063675944
"[4, 5, 7, 6, 8, 3, 1, 2]",3.6817374254
"[4, 5, 7, 8, 6, 2, 1, 3]",2.1161898021
"[4, 5, 7, 8, 6, 2, 3, 1]",5.0433895513
"[4, 5, 7, 8, 6, 3, 1, 2]",5.1359480735
"[4, 5, 7, 8, 6, 3, 2, 1]",6.9444492468
"[4, 5, 7, 9, 8, 6, 2, 1, 3]",2.2956024190
"[4, 5, 8, 6, 7, 3, 1, 2]",2.4365505178
"[4, 5, 8, 6, 7, 3, 2, 1]",3.3522381777
"[4, 5, 8, 7, 6, 3, 1, 2]",4.5421521481
"[4, 5, 8, 7, 6, 3, 2, 1]",10.3865163988
"[4, 5, 8, 9, 7, 6, 3, 1, 2]",2.0892769565
"[4, 5, 8, 9, 7, 6, 3, 2, 1]",2.5982307821
"[4, 6, 1, 2, 3, 5, 7]",2.3217356633
"[4, 6, 1, 2, 3, 5]",6.3579587593
"[4, 6, 1, 2, 3, 7, 5]",2.1736221490
"[4, 6, 1, 2, 5, 3]",4.4047714089
"[4, 6, 1, 5, 3, 2]",6.7444914386
"[4, 6, 2, 1, 3, 5, 7, 8]",2.2152703686
"[4, 6, 2, 1, 3, 5, 7]",2.8664679479
"[4, 6, 2, 1, 3, 5]",8.0947219774
"[4, 6, 2, 1, 5, 3]",4.9876444838
"[4, 6, 2, 3, 1, 5]",3.2313658485
"[4, 6, 2, 3, 5, 1]",5.3048270368
"[4, 6, 2, 5, 3, 1]",3.4339760355
"[4, 6, 3, 1, 2, 5, 7, 8]",2.7128080628
"[4, 6, 3, 1, 2, 5, 7]",5.5897577919
"[4, 6, 3, 1, 2, 5, 8, 7]",2.1283655031
"[4, 6, 3, 1, 2, 5]",12.6191444154
"[4, 6, 3, 1, 5, 2]",2.5252090646
"[4, 6, 3, 2, 1, 5, 7]",2.3732117864
"[4, 6, 3, 2, 1, 5]",5.6767998932
"[4, 6, 3, 2, 5, 1]",2.0958001230
"[4, 6, 3, 5, 1, 2]",4.8873920607
"[4, 6, 3, 5, 2, 1]",15.0354541233
"[4, 6, 3, 7, 5, 2, 1]",3.5638507803
"[4, 6, 5, 1, 2, 3, 7, 8]",3.4403872341
"[4, 6, 5, 1, 2, 3, 7]",4.8155589813
"[4, 6, 5, 1, 2, 3]",23.1629132606
"[4, 6, 5, 1, 3, 2]",15.5411741536
"[4, 6, 5, 2, 1, 3, 7, 8]",5.9222100465
"[4, 6, 5, 2, 1, 3, 7, 9, 8, 10]",2.2339178658
"[4, 6, 5, 2, 1, 3, 7, 9, 8, 11, 10]",2.2340148009
"[4, 6, 5, 2, 1, 3, 7, 9, 8]",3.2104959536
"[4, 6, 5, 2, 1, 3, 7]",7.6240976304
"[4, 6, 5, 2, 1, 3]",30.1814918030
"[4, 6, 5, 2, 3, 1]",36.3592569069
"[4, 6, 5, 3, 1, 2, 7]",3.1924078836
"[4, 6, 5, 3, 1, 2]",71.3484620695
"[4, 6, 5, 3, 2, 1]",102.7997012181
"[4, 6, 5, 7, 2, 1, 3]",3.3164177570
"[4, 6, 5, 7, 3, 1, 2]",7.5043967340
"[4, 6, 5, 7, 3, 2, 1]",7.9232930260
"[4, 6, 5, 7, 8, 3, 2, 1]",2.2923111306
"[4, 6, 5, 8, 7, 3, 2, 1]",2.3205531537
"[4, 6, 7, 2, 3, 1, 5]",2.4529379647
"[4, 6, 7, 5, 1, 2, 3]",4.4608663363
"[4, 6, 7, 5, 1, 3, 2]",3.8277185751
"[4, 6, 7, 5, 2, 1, 3]",7.2360530697
"[4, 6, 7, 5, 2, 3, 1]",11.3652244239
"[4, 6, 7, 5, 3, 1, 2]",18.3743664624
"[4, 6, 7, 5, 3, 2, 1]",26.3901074309
"[4, 6, 7, 8, 5, 3, 1, 2]",2.9243378433
"[4, 6, 7, 8, 5, 3, 2, 1]",5.5425473823
"[4, 6, 7, 9, 8, 5, 3, 2, 1]",3.6247246722
"[4, 6, 8, 5, 7, 3, 2, 1]",3.5839195689
"[4, 6, 8, 7, 3, 5, 2, 1]",2.4779180952
"[4, 6, 8, 7, 5, 1, 2, 3]",3.6550764050
"[4, 6, 8, 7, 5, 2, 1, 3]",4.7156396126
"[4, 6, 8, 7, 5, 2, 3, 1]",3.7590660319
"[4, 6, 8, 7, 5, 3, 1, 2]",7.2045025947
"[4, 6, 8, 7, 5, 3, 2, 1]",5.8477552583
"[4, 6, 8, 9, 7, 5, 3, 2, 1]",2.6368067720
"[4, 6, 9, 8, 7, 5, 3, 1, 2]",2.1370820997
"[4, 7, 3, 1, 2, 5, 6]",2.8106911920
"[4, 7, 3, 2, 6, 5, 1]",2.4613666658
"[4, 7, 5, 3, 6, 2, 1]",3.7254365643
"[4, 7, 5, 6, 1, 3, 2]",3.1161687350
"[4, 7, 5, 6, 2, 1, 3]",2.9976736427
"[4, 7, 5, 6, 2, 3, 1]",3.5987128892
"[4, 7, 5, 6, 3, 1, 2]",7.7993377133
"[4, 7, 5, 6, 3, 2, 1]",13.1267039511
"[4, 7, 5, 8, 6, 1, 3, 2]",2.2524517967
"[4, 7, 6, 3, 1, 2, 5]",3.5251244131
"[4, 7, 6, 3, 2, 5, 1]",2.4438297278
"[4, 7, 6, 3, 5, 2, 1]",8.7614127150
"[4, 7, 6, 5, 1, 2, 3]",5.1241154934
"[4, 7, 6, 5, 1, 3, 2]",2.4670457652
"[4, 7, 6, 5, 2, 1, 3]",6.4908916794
"[4, 7, 6, 5, 2, 3, 1]",4.0930374344
"[4, 7, 6, 5, 3, 1, 2]",14.4539177077
"[4, 7, 6, 5, 3, 2, 1]",31.6135052186
"[4, 7, 6, 5, 8, 3, 2, 1]",2.1634913219
"[4, 7, 6, 8, 5, 3, 1, 2]",2.1933562216
"[4, 7, 6, 8, 5, 3, 2, 1]",4.1194012518
"[4, 7, 8, 10, 9, 5, 6, 3, 1, 2]",2.1174233752
"[4, 7, 8, 3, 5, 6, 2, 1]",2.2288872848
"[4, 7, 8, 5, 6, 3, 1, 2]",3.4639393787
"[4, 7, 8, 5, 6, 3, 2, 1]",5.6847091598
"[4, 7, 8, 6, 3, 5, 2, 1]",2.4567343967
"[4, 7, 8, 6, 5, 1, 2, 3]",5.5012971719
"[4, 7, 8, 6, 5, 3, 1, 2]",3.4621725982
"[4, 7, 8, 6, 5, 3, 2, 1]",6.6764774361
"[4, 7, 8, 9, 6, 5, 3, 2, 1]",3.1655699973
"[4, 7, 9, 8, 5, 6, 3, 2, 1]",2.7652302945
"[4, 7, 9, 8, 6, 5, 1, 2, 3]",2.0662453812
"[4, 8, 5, 7, 6, 3, 1, 2]",2.0106799895
"[4, 8, 6, 5, 7, 3, 2, 1]",2.5295946774
"[4, 8, 6, 7, 5, 3, 2, 1]",4.2612829857
"[4, 8, 7, 5, 6, 3, 2, 1]",2.3961626944
"[4, 8, 7, 6, 5, 3, 1, 2]",3.4136822225
"[4, 8, 7, 6, 5, 3, 2, 1]",6.0367319378
"[5, 1, 2, 3, 4, 6, 7, 8, 9]",3.3320895375
"[5, 1, 2, 3, 4, 6, 7, 8]",10.4394358663
"[5, 1, 2, 3, 4, 6, 7, 9, 8]",5.6564186596
"[5, 1, 2, 3, 4, 6, 7]",19.7300621957
"[5, 1, 2, 3, 4, 6, 8, 7, 9]",2.9639370252
"[5, 1, 2, 3, 4, 6, 8, 7]",4.7605875006
"[5, 1, 2, 3, 4, 6]",30.5846365484
"[5, 1, 2, 3, 4, 7, 6, 8]",2.7272090894
"[5, 1, 2, 3, 4, 7, 6]",4.2159965680
"[5, 1, 2, 3, 4]",76.6138073590
"[5, 1, 2, 3, 6, 4]",10.3364296140
"[5, 1, 2, 3, 6, 7, 4]",2.2474401149
"[5, 1, 2, 3, 7, 8, 6, 4]",2.4808704141
"[5, 1, 2, 4, 3, 6, 7, 8]",3.2892372898
"[5, 1, 2, 4, 3, 6, 7, 9, 8]",2.4393279655
"[5, 1, 2, 4, 3, 6, 7]",5.8565557607
"[5, 1, 2, 4, 3, 6]",9.6922139853
"[5, 1, 2, 4, 3]",50.3083695799
"[5, 1, 2, 4, 6, 3]",8.3567591712
"[5, 1, 2, 6, 3, 4, 7, 8]",2.0759083490
"[5, 1, 2, 6, 3, 4, 7]",2.0758182743
"[5, 1, 2, 6, 3, 4]",5.5473696620
"[5, 1, 2, 6, 4, 3]",5.7075591712
"[5, 1, 2, 6, 7, 4, 3]",3.1319496437
"[5, 1, 2, 7, 6, 3, 4]",2.2682523770
"[5, 1, 3, 2, 4, 6, 7, 8, 9]",2.6760471980
"[5, 1, 3, 2, 4, 6, 7, 8]",5.8035742778
"[5, 1, 3, 2, 4, 6, 7]",14.3357102882
"[5, 1, 3, 2, 4, 6]",17.4592437972
"[5, 1, 3, 2, 4, 7, 8, 6]",4.6689158882
"[5, 1, 3, 2, 4]",41.3568775030
"[5, 1, 3, 4, 2, 6, 7]",4.0653473143
"[5, 1, 3, 4, 2, 6]",8.3555786810
"[5, 1, 3, 4, 2, 7, 6]",3.3234114096
"[5, 1, 3, 4, 2]",41.8153657085
"[5, 1, 3, 4, 6, 2]",4.0110755441
"[5, 1, 3, 6, 4, 2]",6.9379351026
"[5, 1, 3, 7, 6, 4, 2]",4.0942657033
"[5, 1, 3, 8, 7, 4, 2, 6]",2.5853768174
"[5, 1, 4, 2, 3, 6, 7]",2.4029169304
"[5, 1, 4, 2, 3, 6]",6.7364985131
"[5, 1, 4, 2, 3, 7, 6]",2.6613245192
"[5, 1, 4, 2, 3]",22.5931865327
"[5, 1, 4, 3, 2, 6, 7, 8]",3.2885120732
"[5, 1, 4, 3, 2, 6, 7]",5.8415802370
"[5, 1, 4, 3, 2, 6]",9.1827645294
"[5, 1, 4, 3, 2, 7, 6]",2.3572531738
"[5, 1, 4, 3, 2]",44.6953330896
"[5, 1, 4, 6, 3, 2]",2.6691511257
"[5, 1, 6, 2, 3, 4]",3.0648180980
"[5, 1, 6, 4, 3, 2]",2.4661154714
"[5, 2, 1, 3, 4, 6, 7, 8, 9, 10, 11]",2.3102127015
"[5, 2, 1, 3, 4, 6, 7, 8, 9, 10]",3.4799654455
"[5, 2, 1, 3, 4, 6, 7, 8, 9]",6.1570587144
"[5, 2, 1, 3, 4, 6, 7, 8]",15.2234673129
"[5, 2, 1, 3, 4, 6, 7, 9, 8, 10, 11]",2.9814904983
"[5, 2, 1, 3, 4, 6, 7, 9, 8, 10]",2.9813611298
"[5, 2, 1, 3, 4, 6, 7, 9, 8]",5.1979606964
"[5, 2, 1, 3, 4, 6, 7]",21.3229933542
"[5, 2, 1, 3, 4, 6, 8, 7]",2.3188195744
"[5, 2, 1, 3, 4, 6]",31.5062234646
"[5, 2, 1, 3, 4, 7, 6, 8, 9]",2.5100769846
"[5, 2, 1, 3, 4, 7, 6, 8]",4.0145842968
"[5, 2, 1, 3, 4, 7, 6]",7.5897035003
"[5, 2, 1, 3, 4, 8, 7, 6]",2.1339850238
"[5, 2, 1, 3, 4]",99.1894831356
"[5, 2, 1, 3, 6, 4, 7, 8]",2.1699178661
"[5, 2, 1, 3, 6, 4, 7]",3.0068786026
"[5, 2, 1, 3, 6, 4]",14.2912365145
"[5, 2, 1, 3, 6, 7, 4]",2.7242853915
"[5, 2, 1, 3, 6, 8, 7, 4]",2.6346439112
"[5, 2, 1, 3, 7, 4, 6]",2.4978657596
"[5, 2, 1, 3, 7, 6, 4, 8, 9]",2.7847591707
"[5, 2, 1, 3, 7, 6, 4, 8]",2.7846383385
"[5, 2, 1, 3, 7, 6, 4]",3.2279929302
"[5, 2, 1, 4, 3, 6, 7, 8]",3.5909394090
"[5, 2, 1, 4, 3, 6, 7]",7.9693885287
"[5, 2, 1, 4, 3, 6, 8, 7]",3.0344441343
"[5, 2, 1, 4, 3, 6]",17.2266883321
"[5, 2, 1, 4, 3, 7, 6, 8]",2.3720500464
"[5, 2, 1, 4, 3, 7, 6]",3.4727557547
"[5, 2, 1, 4, 3]",65.6617351863
"[5, 2, 1, 4, 6, 3]",3.5480159242
"[5, 2, 1, 6, 3, 4]",3.9312213140
"[5, 2, 1, 6, 4, 3]",7.1643139524
"[5, 2, 3, 1, 4, 6, 7, 8, 9]",2.6621785899
"[5, 2, 3, 1, 4, 6, 7, 8]",3.2058635052
"[5, 2, 3, 1, 4, 6, 7]",6.9825924849
"[5, 2, 3, 1, 4, 6, 8, 7]",2.2024723234
"[5, 2, 3, 1, 4, 6]",11.9903089758
"[5, 2, 3, 1, 4, 7, 6]",2.7396834813
"[5, 2, 3, 1, 4]",50.8852461228
"[5, 2, 3, 1, 6, 4]",3.7784507637
"[5, 2, 3, 4, 1]",63.8846069922
"[5, 2, 3, 4, 6, 1]",2.2625980528
"[5, 2, 3, 6, 4, 1]",9.6327121663
"[5, 2, 3, 6, 7, 4, 1]",3.3596190435
"[5, 2, 3, 7, 6, 1, 4]",2.0580438333
"[5, 2, 3, 7, 8, 6, 4, 1]",2.7066411088
"[5, 2, 4, 1, 3, 6, 7, 8, 9]",2.1951694301
"[5, 2, 4, 1, 3, 6, 7, 8]",3.6484473162
"[5, 2, 4, 1, 3, 6, 7]",6.4962345397
"[5, 2, 4, 1, 3, 6]",14.2249706156
"[5, 2, 4, 1, 3, 7, 6, 8]",2.6220206877
"[5, 2, 4, 1, 3, 7, 6]",2.6219069168
"[5, 2, 4, 1, 3]",36.0669998710
"[5, 2, 4, 3, 1, 6]",3.0918130127
"[5, 2, 4, 3, 1]",73.7726227876
"[5, 2, 4, 3, 6, 1]",3.9771140317
"[5, 2, 4, 6, 1, 3]",2.4639051029
"[5, 2, 4, 6, 3, 1]",9.6735316058
"[5, 2, 4, 7, 6, 3, 1]",3.3822595752
"[5, 2, 6, 1, 3, 4]",3.5723066702
"[5, 2, 6, 3, 1, 4]",4.8316872687
"[5, 2, 6, 3, 4, 1]",4.6552239277
"[5, 2, 6, 4, 3, 1]",8.3437975019
"[5, 3, 1, 2, 4, 6, 7, 8, 9]",3.2521456737
"[5, 3, 1, 2, 4, 6, 7, 8]",7.8097711458
"[5, 3, 1, 2, 4, 6, 7, 9, 8]",2.0152445968
"[5, 3, 1, 2, 4, 6, 7]",20.4111989913
"[5, 3, 1, 2, 4, 6, 8, 7]",5.0795128805
"[5, 3, 1, 2, 4, 6]",37.8217283307
"[5, 3, 1, 2, 4, 7, 6, 8]",2.4210713472
"[5, 3, 1, 2, 4, 7, 6]",9.0939562020
"[5, 3, 1, 2, 4, 7, 8, 6]",4.2515033691
"[5, 3, 1, 2, 4, 8, 6, 7, 9]",2.4988196259
"[5, 3, 1, 2, 4, 8, 6, 7]",2.4987112008
"[5, 3, 1, 2, 4, 8, 9, 7, 6]",2.0754703255
"[5, 3, 1, 2, 4]",135.7699598561
"[5, 3, 1, 2, 6, 4]",9.0736213875
"[5, 3, 1, 2, 6, 7, 4]",6.1758579648
"[5, 3, 1, 2, 7, 6, 4]",4.1030663735
"[5, 3, 1, 4, 2, 6, 7]",3.6017728093
"[5, 3, 1, 4, 2, 6]",5.1872970744
"[5, 3, 1, 4, 2]",47.0541809527
"[5, 3, 1, 4, 6, 2]",3.1466714215
"[5, 3, 1, 4, 7, 6, 2]",2.2186046032
"[5, 3, 1, 6, 4, 2]",4.3713893686
"[5, 3, 2, 1, 4, 6, 7, 8, 9]",2.1613619755
"[5, 3, 2, 1, 4, 6, 7, 8]",5.2558555891
"[5, 3, 2, 1, 4, 6, 7, 9, 8]",3.0947216780
"[5, 3, 2, 1, 4, 6, 7]",12.1685658517
"[5, 3, 2, 1, 4, 6, 8, 7, 9, 10]",2.5268372496
"[5, 3, 2, 1, 4, 6, 8, 7, 9]",2.5267276088
"[5, 3, 2, 1, 4, 6, 8, 7]",4.0462387769
"[5, 3, 2, 1, 4, 6]",28.2449611329
"[5, 3, 2, 1, 4, 7, 6, 8, 9]",2.1678724565
"[5, 3, 2, 1, 4, 7, 6, 8]",4.4471489801
"[5, 3, 2, 1, 4, 7, 6]",10.2477786719
"[5, 3, 2, 1, 4, 7, 8, 6]",2.3593641279
"[5, 3, 2, 1, 4, 8, 7, 6]",4.3324645608
"[5, 3, 2, 1, 4]",86.2312599404
"[5, 3, 2, 1, 6, 4]",5.4518405568
"[5, 3, 2, 4, 1, 6, 7, 8, 9]",2.3502946339
"[5, 3, 2, 4, 1, 6, 7, 8]",2.9938167280
"[5, 3, 2, 4, 1, 6, 7]",4.6543266060
"[5, 3, 2, 4, 1, 6]",6.3622245682
"[5, 3, 2, 4, 1]",83.7564209282
"[5, 3, 2, 4, 6, 1]",3.4677513298
"[5, 3, 2, 4, 7, 6, 1]",2.6203995568
"[5, 3, 2, 6, 1, 4]",2.8889435454
"[5, 3, 2, 6, 4, 1]",5.6917021639
"[5, 3, 2, 6, 7, 4, 1]",2.4884318120
"[5, 3, 2, 7, 6, 4, 1]",2.1541722625
"[5, 3, 4, 1, 2, 6, 7, 8]",3.7084927419
"[5, 3, 4, 1, 2, 6, 7]",6.5804220272
"[5, 3, 4, 1, 2, 6]",10.4009422292
"[5, 3, 4, 1, 2]",110.4903331697
"[5, 3, 4, 1, 7, 6, 2]",2.3461611554
"[5, 3, 4, 2, 1, 6, 7, 8, 9]",2.3344857872
"[5, 3, 4, 2, 1, 6, 7, 8]",3.1194792324
"[5, 3, 4, 2, 1, 6, 7]",6.0771479662
"[5, 3, 4, 2, 1, 6]",8.9022050366
"[5, 3, 4, 2, 1]",252.2874823691
"[5, 3, 4, 2, 6, 1]",2.0939539757
"[5, 3, 4, 6, 1, 2]",7.0626141874
"[5, 3, 4, 6, 2, 1]",17.3780409812
"[5, 3, 4, 6, 7, 2, 1]",3.7512325351
"[5, 3, 4, 7, 6, 1, 2]",2.5930742614
"[5, 3, 4, 7, 6, 2, 1]",5.8354316184
"[5, 3, 4, 7, 8, 6, 1, 2]",2.1103430571
"[5, 3, 4, 7, 8, 6, 2, 1]",2.2909299008
"[5, 3, 6, 1, 2, 4, 7]",2.7750190491
"[5, 3, 6, 1, 2, 4]",6.4771458075
"[5, 3, 6, 1, 4, 2]",2.7311574176
"[5, 3, 6, 2, 1, 4]",3.6050262566
"[5, 3, 6, 2, 4, 1]",3.8041688888
"[5, 3, 6, 4, 1, 2]",15.5733371283
"[5, 3, 6, 4, 2, 1]",21.4590760098
"[5, 3, 6, 7, 4, 1, 2]",5.7049443775
"[5, 3, 6, 7, 4, 2, 1]",6.5399698837
"[5, 3, 6, 8, 7, 4, 2, 1]",2.7695947637
"[5, 3, 7, 4, 6, 1, 2]",2.6142193926
"[5, 3, 7, 6, 4, 1, 2]",3.7163910578
"[5, 3, 7, 6, 4, 2, 1]",9.7671593102
"[5, 4, 1, 2, 3, 6, 7, 8, 10, 9]",2.6811336093
"[5, 4, 1, 2, 3, 6, 7, 8, 9, 10]",2.4279944592
"[5, 4, 1, 2, 3, 6, 7, 8, 9]",7.6716153375
"[5, 4, 1, 2, 3, 6, 7, 8]",10.7375541765
"[5, 4, 1, 2, 3, 6, 7]",19.9248489394
"[5, 4, 1, 2, 3, 6, 8, 7]",6.7245600931
"[5, 4, 1, 2, 3, 6]",32.9990586772
"[5, 4, 1, 2, 3, 7, 6, 8]",4.1875842708
"[5, 4, 1, 2, 3, 7, 6]",6.3451913752
"[5, 4, 1, 2, 3, 8, 6, 7]",2.1578824377
"[5, 4, 1, 2, 3]",201.9140145834
"[5, 4, 1, 2, 6, 3]",7.4530013153
"[5, 4, 1, 2, 6, 7, 3]",3.7548615488
"[5, 4, 1, 3, 2, 6, 7, 8]",3.3395329143
"[5, 4, 1, 3, 2, 6, 7]",5.0049586092
"[5, 4, 1, 3, 2, 6]",6.7315946128
"[5, 4, 1, 3, 2]",128.8347063092
"[5, 4, 1, 3, 6, 2]",3.4061581503
"[5, 4, 1, 6, 3, 2]",2.9439450181
"[5, 4, 2, 1, 3, 6, 7, 8, 10, 9]",2.2988911978
"[5, 4, 2, 1, 3, 6, 7, 8, 9, 10, 11]",2.4323321103
"[5, 4, 2, 1, 3, 6, 7, 8, 9, 10]",3.8702096725
"[5, 4, 2, 1, 3, 6, 7, 8, 9]",6.1688331897
"[5, 4, 2, 1, 3, 6, 7, 8]",10.6481106734
"[5, 4, 2, 1, 3, 6, 7, 9, 8]",3.9780167502
"[5, 4, 2, 1, 3, 6, 7]",25.8317875905
"[5, 4, 2, 1, 3, 6, 8, 7, 10, 9]",2.2340148009
"[5, 4, 2, 1, 3, 6, 8, 7, 9]",3.6809739809
"[5, 4, 2, 1, 3, 6, 8, 7]",7.8807116248
"[5, 4, 2, 1, 3, 6]",39.5702735276
"[5, 4, 2, 1, 3, 7, 6]",4.6597886089
"[5, 4, 2, 1, 3, 7, 8, 6]",2.5232200138
"[5, 4, 2, 1, 3]",242.4743756608
"[5, 4, 2, 1, 6, 3]",8.1858278011
"[5, 4, 2, 3, 1, 6]",4.2205672885
"[5, 4, 2, 3, 1]",246.1160454682
"[5, 4, 2, 3, 6, 1]",3.4985582545
"[5, 4, 2, 6, 3, 1]",6.2554739368
"[5, 4, 2, 6, 7, 3, 1]",2.6715938199
"[5, 4, 2, 7, 6, 3, 1]",2.2099871121
"[5, 4, 3, 1, 2, 6, 7, 8, 10, 9]",2.3453317878
"[5, 4, 3, 1, 2, 6, 7, 8, 9, 10]",2.3140220163
"[5, 4, 3, 1, 2, 6, 7, 8, 9]",5.1865456532
"[5, 4, 3, 1, 2, 6, 7, 8]",8.2719705096
"[5, 4, 3, 1, 2, 6, 7, 9, 8]",2.6349353995
"[5, 4, 3, 1, 2, 6, 7]",12.8938768963
"[5, 4, 3, 1, 2, 6, 8, 7]",2.7285715381
"[5, 4, 3, 1, 2, 6]",22.4103108073
"[5, 4, 3, 1, 2, 7, 6, 8]",2.7089384548
"[5, 4, 3, 1, 2, 7, 6]",7.1019759030
"[5, 4, 3, 1, 2, 8, 6, 7]",2.4521036522
"[5, 4, 3, 1, 2]",411.8798204735
"[5, 4, 3, 2, 1, 6, 7, 8, 9, 10]",2.0446222384
"[5, 4, 3, 2, 1, 6, 7, 8, 9]",3.3855658450
"[5, 4, 3, 2, 1, 6, 7, 8]",5.0158388106
"[5, 4, 3, 2, 1, 6, 7]",7.5972477535
"[5, 4, 3, 2, 1, 6]",13.2932489395
"[5, 4, 3, 2, 1]",696.7326933693
"[5, 4, 3, 2, 6, 1]",4.2194213339
"[5, 4, 3, 2, 6, 8, 7, 1]",2.4530979416
"[5, 4, 3, 6, 1, 2]",10.0315612805
"[5, 4, 3, 6, 2, 1]",11.3259140035
"[5, 4, 3, 6, 7, 2, 1]",4.2826319108
"[5, 4, 3, 7, 8, 6, 2, 1]",2.0122655364
"[5, 4, 6, 1, 2, 3]",9.2687019613
"[5, 4, 6, 1, 3, 2]",5.1857506247
"[5, 4, 6, 2, 1, 3, 7]",3.8781585763
"[5, 4, 6, 2, 1, 3]",12.7956867212
"[5, 4, 6, 2, 3, 1]",23.7039335012
"[5, 4, 6, 3, 1, 2]",27.1874333148
"[5, 4, 6, 3, 2, 1]",55.6413821818
"[5, 4, 6, 7, 2, 1, 3]",4.4318704492
"[5, 4, 6, 7, 2, 3, 1]",2.1364300954
"[5, 4, 6, 7, 3, 1, 2]",5.7579435455
"[5, 4, 6, 7, 3, 2, 1]",13.4653780968
"[5, 4, 6, 7, 8, 3, 2, 1]",2.7095631727
"[5, 4, 6, 7, 9, 8, 3, 2, 1]",3.0203453621
"[5, 4, 6, 8, 7, 1, 2, 3]",2.1837451078
"[5, 4, 6, 8, 7, 2, 3, 1]",3.1895580827
"[5, 4, 6, 8, 7, 3, 1, 2]",4.0014118029
"[5, 4, 6, 8, 7, 3, 2, 1]",5.0912891659
"[5, 4, 6, 8, 9, 7, 2, 3, 1]",2.2797293401
"[5, 4, 7, 6, 1, 2, 3]",3.4246906426
"[5, 4, 7, 6, 2, 1, 3]",3.5417925599
"[5, 4, 7, 6, 2, 3, 1]",3.0314177902
"[5, 4, 7, 6, 3, 1, 2]",8.9740720856
"[5, 4, 7, 6, 3, 2, 1]",13.6684333744
"[5, 4, 7, 8, 6, 3, 2, 1]",4.2144858990
"[5, 4, 7, 9, 8, 6, 3, 1, 2]",2.1770023817
"[5, 4, 8, 7, 3, 1, 2, 6]",2.2112742455
"[5, 6, 1, 2, 3, 4, 7]",2.0244791669
"[5, 6, 1, 2, 3, 4]",8.9419917607
"[5, 6, 1, 2, 4, 3, 7, 8]",2.1844134323
"[5, 6, 1, 2, 4, 3, 7]",2.1843186494
"[5, 6, 1, 2, 4, 3]",11.1762891546
"[5, 6, 1, 3, 2, 4, 7, 8]",2.7179192822
"[5, 6, 1, 3, 2, 4, 7]",2.7178013502
"[5, 6, 1, 3, 2, 4]",7.0717115664
"[5, 6, 1, 3, 4, 2]",8.9982260611
"[5, 6, 1, 4, 2, 3]",3.7459285379
"[5, 6, 1, 4, 3, 2, 7, 8, 9]",2.3691261373
"[5, 6, 1, 4, 3, 2, 7, 8]",4.5039543621
"[5, 6, 1, 4, 3, 2, 7]",6.3607466475
"[5, 6, 1, 4, 3, 2]",11.9856974989
"[5, 6, 2, 1, 3, 4, 7, 8, 9]",2.3543215656
"[5, 6, 2, 1, 3, 4, 7, 8]",4.7835978268
"[5, 6, 2, 1, 3, 4, 7]",6.1614754903
"[5, 6, 2, 1, 3, 4]",17.0839796116
"[5, 6, 2, 1, 4, 3]",12.6868295897
"[5, 6, 2, 3, 1, 4, 7]",2.3534106376
"[5, 6, 2, 3, 1, 4]",13.3378928188
"[5, 6, 2, 3, 4, 1]",13.5255205389
"[5, 6, 2, 4, 1, 3, 7]",2.1457941744
"[5, 6, 2, 4, 1, 3]",8.2886723182
"[5, 6, 2, 4, 3, 1]",12.5866780177
"[5, 6, 3, 1, 2, 4, 7, 8, 9]",2.1561025068
"[5, 6, 3, 1, 2, 4, 7, 8]",2.5778613110
"[5, 6, 3, 1, 2, 4, 7]",6.6169500669
"[5, 6, 3, 1, 2, 4]",34.2932337626
"[5, 6, 3, 1, 2, 7, 4]",2.2313908162
"[5, 6, 3, 1, 4, 2]",5.4334280438
"[5, 6, 3, 2, 1, 4, 7]",4.3064018780
"[5, 6, 3, 2, 1, 4]",24.7668820992
"[5, 6, 3, 2, 4, 1]",19.2210566597
"[5, 6, 3, 4, 1, 2]",25.1933173989
"[5, 6, 3, 4, 2, 1, 7]",2.0874720528
"[5, 6, 3, 4, 2, 1]",53.7677520974
"[5, 6, 3, 7, 4, 1, 2]",2.1768810891
"[5, 6, 3, 7, 4, 2, 1]",2.4900426441
"[5, 6, 4, 1, 2, 3, 7, 8, 9, 10]",2.3612537308
"[5, 6, 4, 1, 2, 3, 7, 8, 9]",2.9515309101
"[5, 6, 4, 1, 2, 3, 7, 8]",3.5498814029
"[5, 6, 4, 1, 2, 3, 7]",3.5497273717
"[5, 6, 4, 1, 2, 3]",45.2868647760
"[5, 6, 4, 1, 3, 2]",30.6598099416
"[5, 6, 4, 2, 1, 3, 7, 8]",3.7717660408
"[5, 6, 4, 2, 1, 3, 7]",5.3590832030
"[5, 6, 4, 2, 1, 3]",56.1428211883
"[5, 6, 4, 2, 3, 1]",58.9752360064
"[5, 6, 4, 3, 1, 2, 7, 8, 9]",2.6587029246
"[5, 6, 4, 3, 1, 2, 7, 8]",2.6585875621
"[5, 6, 4, 3, 1, 2, 7]",3.5395438508
"[5, 6, 4, 3, 1, 2]",105.9873976242
"[5, 6, 4, 3, 2, 1]",162.0977120714
"[5, 6, 4, 7, 2, 1, 3]",2.3648563294
"[5, 6, 4, 7, 2, 3, 1]",5.5721387572
"[5, 6, 4, 7, 3, 1, 2]",3.0886553573
"[5, 6, 4, 7, 3, 2, 1]",4.3840190285
"[5, 6, 7, 1, 2, 4, 3]",2.0943577939
"[5, 6, 7, 1, 4, 2, 3]",2.0010712962
"[5, 6, 7, 1, 4, 3, 2]",2.2547719735
"[5, 6, 7, 10, 9, 8, 4, 3, 2, 1]",3.1722670758
"[5, 6, 7, 2, 1, 3, 4]",2.4822033787
"[5, 6, 7, 2, 1, 4, 3]",2.2136450430
"[5, 6, 7, 2, 3, 1, 4]",3.7568262720
"[5, 6, 7, 2, 4, 3, 1]",3.2951370509
"[5, 6, 7, 3, 1, 2, 4]",2.7596392251
"[5, 6, 7, 3, 2, 1, 4]",3.8825492221
"[5, 6, 7, 3, 2, 4, 1]",4.1978362158
"[5, 6, 7, 3, 4, 1, 2]",5.6443571990
"[5, 6, 7, 3, 4, 2, 1]",8.9937282107
"[5, 6, 7, 4, 1, 2, 3]",9.9073659755
"[5, 6, 7, 4, 1, 3, 2]",7.8791563012
"[5, 6, 7, 4, 2, 1, 3, 8]",2.1800517156
"[5, 6, 7, 4, 2, 1, 3]",14.1346765753
"[5, 6, 7, 4, 2, 3, 1]",12.0607514212
"[5, 6, 7, 4, 3, 1, 2]",22.0631240877
"[5, 6, 7, 4, 3, 2, 1]",37.4065944049
"[5, 6, 7, 8, 3, 2, 1, 4]",2.1135418524
"[5, 6, 7, 8, 3, 4, 2, 1]",2.3710205807
"[5, 6, 7, 8, 4, 2, 1, 3]",2.5948255205
"[5, 6, 7, 8, 4, 2, 3, 1]",4.0852005817
"[5, 6, 7, 8, 4, 3, 1, 2]",2.5626192185
"[5, 6, 7, 8, 4, 3, 2, 1]",9.6859495236
"[5, 6, 7, 8, 9, 4, 3, 2, 1]",2.3902673078
"[5, 6, 7, 9, 8, 4, 3, 1, 2]",2.1860457887
"[5, 6, 7, 9, 8, 4, 3, 2, 1]",4.8622000442
"[5, 6, 8, 7, 2, 3, 4, 1]",2.1995841352
"[5, 6, 8, 7, 3, 4, 1, 2]",2.5002992380
"[5, 6, 8, 7, 3, 4, 2, 1]",6.4022303423
"[5, 6, 8, 7, 4, 1, 2, 3]",4.6414494620
"[5, 6, 8, 7, 4, 2, 1, 3]",5.4810619967
"[5, 6, 8, 7, 4, 2, 3, 1]",5.2343079474
"[5, 6, 8, 7, 4, 3, 1, 2]",4.9440284051
"[5, 6, 8, 7, 4, 3, 2, 1]",17.3950596994
"[5, 6, 8, 7, 9, 3, 1, 2, 4]",2.0810065016
"[5, 6, 8, 9, 7, 3, 4, 2, 1]",3.6443583263
"[5, 6, 8, 9, 7, 4, 2, 3, 1]",2.8334225533
"[5, 6, 8, 9, 7, 4, 3, 1, 2]",3.7933152069
"[5, 6, 8, 9, 7, 4, 3, 2, 1]",2.2764554419
"[5, 6, 9, 7, 8, 4, 3, 2, 1]",2.5944034113
"[5, 6, 9, 8, 7, 4, 1, 3, 2]",2.3917452774
"[5, 6, 9, 8, 7, 4, 3, 2, 1]",6.4300723788
"[5, 7, 1, 3, 2, 4, 6]",2.4820309822
"[5, 7, 2, 6, 4, 3, 1]",3.0835882599
"[5, 7, 3, 1, 2, 4, 6, 8]",2.0284491340
"[5, 7, 3, 1, 2, 4, 6]",5.6243771360
"[5, 7, 3, 1, 2, 4, 8, 6]",2.9504559061
"[5, 7, 3, 1, 2, 6, 4]",2.5971794965
"[5, 7, 3, 1, 6, 4, 2]",2.0370088005
"[5, 7, 3, 2, 1, 4, 6]",3.0828034638
"[5, 7, 3, 4, 1, 2, 6]",2.4308701269
"[5, 7, 3, 4, 6, 2, 1]",2.8721506732
"[5, 7, 4, 1, 2, 3, 6, 8]",2.7472607715
"[5, 7, 4, 1, 2, 3, 6, 9, 8, 10, 11]",2.3561550762
"[5, 7, 4, 1, 2, 3, 6, 9, 8, 10]",2.3560528414
"[5, 7, 4, 1, 2, 3, 6, 9, 8]",2.3559506110
"[5, 7, 4, 1, 2, 3, 6]",5.0420375864
"[5, 7, 4, 2, 1, 3, 6]",2.4150541576
"[5, 7, 4, 3, 1, 2, 6]",4.1905284184
"[5, 7, 4, 3, 6, 2, 1]",2.0958910649
"[5, 7, 4, 6, 2, 1, 3]",2.5395486816
"[5, 7, 4, 6, 3, 2, 1]",8.5462987732
"[5, 7, 4, 8, 6, 3, 1, 2]",2.7640204800
"[5, 7, 6, 1, 2, 3, 4]",2.2218371717
"[5, 7, 6, 1, 2, 4, 3]",3.8581233070
"[5, 7, 6, 1, 3, 2, 4]",4.6962635224
"[5, 7, 6, 1, 3, 4, 2]",3.5604367790
"[5, 7, 6, 1, 4, 3, 2]",3.0259824065
"[5, 7, 6, 2, 1, 3, 4]",4.3452612919
"[5, 7, 6, 2, 1, 4, 3]",6.3458590003
"[5, 7, 6, 2, 3, 1, 4]",5.0933654761
"[5, 7, 6, 2, 3, 4, 1]",4.6472687451
"[5, 7, 6, 2, 4, 3, 1]",4.5296213559
"[5, 7, 6, 3, 1, 2, 4]",8.3572909049
"[5, 7, 6, 3, 1, 4, 2]",3.9207391013
"[5, 7, 6, 3, 2, 4, 1]",4.3032952514
"[5, 7, 6, 3, 4, 1, 2]",8.0962941258
"[5, 7, 6, 3, 4, 2, 1]",22.1238949285
"[5, 7, 6, 4, 1, 2, 3]",18.2579747774
"[5, 7, 6, 4, 1, 3, 2]",8.6571649430
"[5, 7, 6, 4, 2, 1, 3]",22.4705039025
"[5, 7, 6, 4, 2, 3, 1]",25.9716774818
"[5, 7, 6, 4, 3, 1, 2]",31.4286193630
"[5, 7, 6, 4, 3, 2, 1]",45.2333229344
"[5, 7, 6, 8, 3, 1, 2, 4]",2.7198171560
"[5, 7, 6, 8, 4, 3, 1, 2]",3.8485031004
"[5, 7, 6, 8, 4, 3, 2, 1]",2.9271262420
"[5, 7, 8, 6, 2, 1, 4, 3]",2.8570384501
"[5, 7, 8, 6, 3, 4, 1, 2]",4.1355372068
"[5, 7, 8, 6, 3, 4, 2, 1]",5.0277345176
"[5, 7, 8, 6, 4, 1, 2, 3]",4.4198327915
"[5, 7, 8, 6, 4, 2, 3, 1]",7.8654851667
"[5, 7, 8, 6, 4, 3, 1, 2]",11.8663079446
"[5, 7, 8, 6, 4, 3, 2, 1]",8.9213410360
"[5, 7, 9, 6, 8, 4, 3, 2, 1]",2.6722773212
"[5, 7, 9, 8, 6, 4, 2, 3, 1]",3.0267379310
"[5, 8, 10, 9, 6, 7, 4, 3, 2, 1]",2.0726644239
"[5, 8, 6, 4, 7, 3, 2, 1]",3.1798831278
"[5, 8, 6, 7, 4, 2, 3, 1]",4.7349414725
"[5, 8, 6, 7, 4, 3, 1, 2]",4.4281783313
"[5, 8, 6, 7, 4, 3, 2, 1]",7.6163411312
"[5, 8, 7, 4, 2, 1, 3, 6]",2.5337685042
"[5, 8, 7, 4, 6, 3, 1, 2]",4.8343999169
"[5, 8, 7, 4, 6, 3, 2, 1]",2.9867001190
"[5, 8, 7, 6, 3, 2, 1, 4]",3.0499127508
"[5, 8, 7, 6, 3, 2, 4, 1]",3.2831583405
"[5, 8, 7, 6, 3, 4, 2, 1]",2.4863876006
"[5, 8, 7, 6, 4, 1, 2, 3]",2.5054965506
"[5, 8, 7, 6, 4, 1, 3, 2]",2.3917452774
"[5, 8, 7, 6, 4, 2, 1, 3]",7.7943249095
"[5, 8, 7, 6, 4, 2, 3, 1]",5.3394412496
"[5, 8, 7, 6, 4, 3, 1, 2]",5.5498481157
"[5, 8, 7, 6, 4, 3, 2, 1]",13.6890301088
"[5, 8, 7, 9, 6, 4, 3, 1, 2]",2.0746286507
"[5, 8, 9, 6, 7, 4, 3, 2, 1]",3.8997177901
"[5, 8, 9, 7, 6, 4, 3, 1, 2]",2.4491159696
"[5, 8, 9, 7, 6, 4, 3, 2, 1]",2.7515112934
"[5, 9, 7, 8, 6, 4, 3, 2, 1]",3.5788374291
"[6, 1, 2, 3, 4, 5, 7, 8, 9]",2.3542112971
"[6, 1, 2, 3, 4, 5, 7, 8]",2.3541091466
"[6, 1, 2, 3, 4, 5, 7]",3.1916102032
"[6, 1, 2, 3, 4, 5]",9.0749234648
"[6, 1, 2, 3, 4, 7, 5]",3.9483611717
"[6, 1, 2, 3, 5, 4, 7, 8]",2.3832773184
"[6, 1, 2, 3, 5, 4, 7]",3.6682034625
"[6, 1, 2, 3, 5, 4]",11.1751598706
"[6, 1, 2, 3, 5, 7, 4]",2.0200475962
"[6, 1, 2, 4, 3, 5, 7]",3.3400231247
"[6, 1, 2, 4, 3, 5]",9.7551124385
"[6, 1, 2, 4, 5, 3]",7.1186345575
"[6, 1, 2, 4, 7, 5, 3]",2.2982317591
"[6, 1, 2, 5, 3, 4]",2.7984461785
"[6, 1, 2, 5, 4, 3, 7]",2.1697861121
"[6, 1, 2, 5, 4, 3]",12.5523420987
"[6, 1, 2, 5, 7, 4, 3]",2.2470885995
"[6, 1, 3, 2, 4, 5]",8.7615916581
"[6, 1, 3, 2, 5, 4]",3.2973541352
"[6, 1, 3, 4, 2, 5, 7, 8]",3.9794972091
"[6, 1, 3, 4, 2, 5, 7, 9, 8]",2.6485204444
"[6, 1, 3, 4, 2, 5, 7]",5.2472100544
"[6, 1, 3, 4, 2, 5]",9.6602694363
"[6, 1, 3, 4, 5, 2]",4.4688970964
"[6, 1, 3, 4, 7, 5, 2]",2.1743204433
"[6, 1, 3, 5, 2, 4]",2.5710984921
"[6, 1, 3, 5, 4, 2]",5.5544004137
"[6, 1, 4, 2, 3, 5]",4.2413935527
"[6, 1, 4, 2, 5, 3]",2.8062571062
"[6, 1, 4, 3, 2, 5]",5.8981095228
"[6, 1, 4, 3, 5, 8, 9, 7, 2]",2.3605267298
"[6, 1, 4, 5, 2, 3]",4.2923536383
"[6, 1, 4, 5, 3, 2]",6.8793387449
"[6, 1, 5, 2, 3, 4]",3.0555823659
"[6, 1, 5, 3, 2, 4]",5.1243826286
"[6, 1, 5, 4, 2, 3]",6.1073802501
"[6, 1, 5, 4, 3, 2]",6.1596696105
"[6, 2, 1, 3, 4, 5, 7, 8, 9]",2.2734728735
"[6, 2, 1, 3, 4, 5, 7, 8]",5.3207663953
"[6, 2, 1, 3, 4, 5, 7]",7.3680549155
"[6, 2, 1, 3, 4, 5]",18.2142276596
"[6, 2, 1, 3, 5, 4, 7, 8]",2.2449787068
"[6, 2, 1, 3, 5, 4, 7]",2.9967686264
"[6, 2, 1, 3, 5, 4]",17.9285549089
"[6, 2, 1, 4, 3, 5, 7]",2.1928049896
"[6, 2, 1, 4, 3, 5]",7.8779067127
"[6, 2, 1, 4, 5, 3]",11.2263510436
"[6, 2, 1, 5, 3, 4]",4.5720967537
"[6, 2, 1, 5, 4, 3]",7.1895080152
"[6, 2, 3, 1, 4, 5, 7]",4.6755374339
"[6, 2, 3, 1, 4, 5, 8, 7]",2.2142342911
"[6, 2, 3, 1, 4, 5]",13.7273115959
"[6, 2, 3, 1, 5, 4, 7, 8]",2.4211908696
"[6, 2, 3, 1, 5, 4, 7]",2.4210858128
"[6, 2, 3, 1, 5, 4]",7.4803210325
"[6, 2, 3, 4, 1, 5, 7, 8]",2.8085792460
"[6, 2, 3, 4, 1, 5, 7]",2.8084573802
"[6, 2, 3, 4, 1, 5]",5.7020390006
"[6, 2, 3, 4, 5, 1]",10.5339022303
"[6, 2, 3, 4, 7, 5, 1]",2.3676921126
"[6, 2, 3, 5, 1, 4]",2.2907467139
"[6, 2, 3, 5, 4, 1]",9.0984122866
"[6, 2, 3, 5, 7, 4, 1]",2.9519706974
"[6, 2, 4, 1, 3, 5]",7.4364157058
"[6, 2, 4, 1, 5, 3]",2.7509684998
"[6, 2, 4, 3, 1, 5]",4.8097013396
"[6, 2, 4, 3, 5, 1]",7.1017876227
"[6, 2, 4, 5, 1, 3]",3.9267129005
"[6, 2, 4, 5, 3, 1]",8.5895870666
"[6, 2, 4, 7, 5, 3, 1]",2.3387628619
"[6, 2, 5, 1, 3, 4, 7]",2.0223851634
"[6, 2, 5, 1, 3, 4]",5.3365766209
"[6, 2, 5, 3, 1, 4]",5.1001579005
"[6, 2, 5, 3, 4, 1]",4.7741380453
"[6, 2, 5, 4, 1, 3]",5.8646111687
"[6, 2, 5, 4, 3, 1]",10.4840596520
"[6, 3, 1, 2, 4, 5, 7, 8, 9]",2.8844646123
"[6, 3, 1, 2, 4, 5, 7, 8]",6.5397773974
"[6, 3, 1, 2, 4, 5, 7]",9.0145163632
"[6, 3, 1, 2, 4, 5]",34.2425260214
"[6, 3, 1, 2, 4, 7, 5]",3.6093104761
"[6, 3, 1, 2, 5, 4, 7, 8]",2.7002479458
"[6, 3, 1, 2, 5, 4, 7]",4.8134422217
"[6, 3, 1, 2, 5, 4]",22.9894974380
"[6, 3, 1, 2, 5, 7, 8, 4]",2.1252424131
"[6, 3, 1, 2, 7, 5, 4]",3.5208690738
"[6, 3, 1, 4, 2, 5]",4.2402431230
"[6, 3, 1, 4, 5, 2]",7.2033889616
"[6, 3, 1, 5, 2, 4]",3.9793088249
"[6, 3, 1, 5, 4, 2]",9.2964743687
"[6, 3, 2, 1, 4, 5, 7, 8]",2.2004325609
"[6, 3, 2, 1, 4, 5, 7]",6.1315222893
"[6, 3, 2, 1, 4, 5, 8, 7]",2.7111990315
"[6, 3, 2, 1, 4, 5]",22.8598615379
"[6, 3, 2, 1, 4, 7, 5]",2.8754340116
"[6, 3, 2, 1, 5, 4]",9.8721561189
"[6, 3, 2, 1, 5, 7, 4]",2.0965376875
"[6, 3, 2, 4, 1, 5]",4.8600099918
"[6, 3, 2, 4, 5, 1]",7.5913641006
"[6, 3, 2, 4, 7, 5, 1]",3.3613262180
"[6, 3, 2, 5, 1, 4]",4.1423205848
"[6, 3, 2, 5, 4, 1]",17.7928635230
"[6, 3, 4, 1, 2, 5, 7]",4.0918318563
"[6, 3, 4, 1, 2, 5]",14.4098932019
"[6, 3, 4, 1, 5, 2]",4.6511706705
"[6, 3, 4, 2, 1, 5, 7]",5.5357224935
"[6, 3, 4, 2, 1, 5, 8, 7]",2.0243299124
"[6, 3, 4, 2, 1, 5]",10.1224065533
"[6, 3, 4, 2, 5, 1]",8.8284022316
"[6, 3, 4, 5, 1, 2]",13.7810478627
"[6, 3, 4, 5, 2, 1]",34.1012723133
"[6, 3, 4, 5, 7, 2, 1]",2.2626962324
"[6, 3, 4, 7, 5, 2, 1]",7.0204870363
"[6, 3, 5, 1, 2, 4, 7]",2.3750871291
"[6, 3, 5, 1, 2, 4]",9.7972427774
"[6, 3, 5, 1, 4, 2]",2.9439466773
"[6, 3, 5, 2, 1, 4, 7]",2.5488290101
"[6, 3, 5, 2, 1, 4]",9.1307335103
"[6, 3, 5, 2, 4, 1]",4.5065848371
"[6, 3, 5, 4, 1, 2]",16.3032676222
"[6, 3, 5, 4, 2, 1]",37.1053045774
"[6, 3, 5, 7, 4, 1, 2]",2.0189267366
"[6, 3, 5, 7, 4, 2, 1]",5.3245642980
"[6, 3, 5, 8, 7, 4, 1, 2]",2.1344763267
"[6, 3, 7, 5, 4, 1, 2]",2.7002628046
"[6, 3, 7, 5, 4, 2, 1]",2.7514956520
"[6, 4, 1, 2, 3, 5, 7, 8]",3.1244757392
"[6, 4, 1, 2, 3, 5, 7]",11.1625404033
"[6, 4, 1, 2, 3, 5, 8, 7, 9, 10]",2.3561550762
"[6, 4, 1, 2, 3, 5, 8, 7, 9]",2.9121662930
"[6, 4, 1, 2, 3, 5, 8, 7]",4.3535201840
"[6, 4, 1, 2, 3, 5]",31.1769242669
"[6, 4, 1, 2, 3, 7, 5]",5.4135945890
"[6, 4, 1, 2, 5, 3, 7, 8]",2.2767702394
"[6, 4, 1, 2, 5, 3, 7]",2.2766714491
"[6, 4, 1, 2, 5, 3]",17.0276793794
"[6, 4, 1, 2, 7, 8, 5, 3]",2.2273848043
"[6, 4, 1, 3, 2, 5, 7, 8]",3.6839392559
"[6, 4, 1, 3, 2, 5, 7]",6.5497197682
"[6, 4, 1, 3, 2, 5]",14.5128362788
"[6, 4, 1, 3, 5, 2]",7.1055317744
"[6, 4, 1, 5, 2, 3]",5.9259435527
"[6, 4, 1, 5, 3, 2]",11.2991000495
"[6, 4, 2, 1, 3, 5, 7, 8, 9]",2.8736661526
"[6, 4, 2, 1, 3, 5, 7, 8]",6.2624394873
"[6, 4, 2, 1, 3, 5, 7]",9.7094453662
"[6, 4, 2, 1, 3, 5]",31.7556041723
"[6, 4, 2, 1, 3, 7, 5]",5.3033696373
"[6, 4, 2, 1, 5, 3, 7]",3.2467028900
"[6, 4, 2, 1, 5, 3]",10.8932464549
"[6, 4, 2, 3, 1, 5, 7]",2.8395181519
"[6, 4, 2, 3, 1, 5]",6.8022118800
"[6, 4, 2, 3, 5, 1]",13.3260873374
"[6, 4, 2, 5, 1, 3]",5.3711125627
"[6, 4, 2, 5, 3, 1]",15.4360696638
"[6, 4, 3, 1, 2, 5, 7, 8]",4.0326914491
"[6, 4, 3, 1, 2, 5, 7, 9, 8]",2.0357538898
"[6, 4, 3, 1, 2, 5, 7]",6.8549955384
"[6, 4, 3, 1, 2, 5]",24.7410945055
"[6, 4, 3, 1, 5, 2]",2.5788552810
"[6, 4, 3, 2, 1, 5, 7]",3.6831774082
"[6, 4, 3, 2, 1, 5]",17.9099007082
"[6, 4, 3, 2, 5, 1]",8.9961100724
"[6, 4, 3, 5, 1, 2]",17.2890432810
"[6, 4, 3, 5, 2, 1]",44.2703360082
"[6, 4, 3, 5, 7, 2, 1]",3.4679018039
"[6, 4, 3, 7, 5, 2, 1]",3.9047251351
"[6, 4, 3, 7, 8, 5, 2, 1]",2.4885397910
"[6, 4, 3, 8, 7, 5, 2, 1]",2.1542657372
"[6, 4, 5, 1, 2, 3, 7, 8]",2.4671965658
"[6, 4, 5, 1, 2, 3, 7]",5.8137396217
"[6, 4, 5, 1, 2, 3]",25.5068117291
"[6, 4, 5, 1, 3, 2]",13.6446628411
"[6, 4, 5, 2, 1, 3]",34.7166569281
"[6, 4, 5, 2, 3, 1]",33.0623471661
"[6, 4, 5, 3, 1, 2, 7, 8]",2.6666443237
"[6, 4, 5, 3, 1, 2, 7]",3.1271854220
"[6, 4, 5, 3, 1, 2]",73.5950815467
"[6, 4, 5, 3, 2, 1]",109.2696048660
"[6, 4, 5, 7, 2, 3, 1]",2.5975366469
"[6, 4, 5, 7, 3, 1, 2]",6.5894330958
"[6, 4, 5, 7, 3, 2, 1]",8.1211192362
"[6, 4, 5, 7, 8, 3, 2, 1]",2.4271959380
"[6, 4, 5, 8, 7, 3, 2, 1]",2.3890246554
"[6, 4, 7, 5, 1, 2, 3]",2.2309312578
"[6, 4, 7, 5, 1, 3, 2]",6.3628964304
"[6, 4, 7, 5, 2, 1, 3]",2.4895000398
"[6, 4, 7, 5, 2, 3, 1]",4.1145569842
"[6, 4, 7, 5, 3, 1, 2]",9.6648340835
"[6, 4, 7, 5, 3, 2, 1]",6.4590764700
"[6, 4, 7, 8, 5, 2, 3, 1]",2.3621775244
"[6, 4, 7, 8, 5, 3, 1, 2]",3.9262930347
"[6, 4, 8, 7, 5, 3, 1, 2]",3.0874454500
"[6, 4, 8, 7, 5, 3, 2, 1]",5.6969637011
"[6, 5, 1, 2, 3, 4, 7, 8, 10, 9]",3.2351738917
"[6, 5, 1, 2, 3, 4, 7, 8, 9]",6.0281101309
"[6, 5, 1, 2, 3, 4, 7, 8]",8.8214652343
"[6, 5, 1, 2, 3, 4, 7, 9, 8]",2.0889550019
"[6, 5, 1, 2, 3, 4, 7]",12.2910586197
"[6, 5, 1, 2, 3, 4]",44.3956667151
"[6, 5, 1, 2, 4, 3, 7]",2.9693133322
"[6, 5, 1, 2, 4, 3]",25.6796167262
"[6, 5, 1, 2, 7, 3, 4]",3.4323447898
"[6, 5, 1, 3, 2, 4, 7, 8, 9]",2.3366408312
"[6, 5, 1, 3, 2, 4, 7, 8]",5.0118505416
"[6, 5, 1, 3, 2, 4, 7]",5.0116330747
"[6, 5, 1, 3, 2, 4]",24.9123947586
"[6, 5, 1, 3, 4, 2]",24.1755702568
"[6, 5, 1, 4, 2, 3]",12.5353953726
"[6, 5, 1, 4, 3, 2]",21.7641619759
"[6, 5, 2, 1, 3, 4, 7, 8, 9]",3.7652911527
"[6, 5, 2, 1, 3, 4, 7, 8]",4.7142668442
"[6, 5, 2, 1, 3, 4, 7]",8.4147592621
"[6, 5, 2, 1, 3, 4]",57.6162019797
"[6, 5, 2, 1, 3, 7, 4]",3.7770447407
"[6, 5, 2, 1, 4, 3, 7, 8]",2.0503609477
"[6, 5, 2, 1, 4, 3, 7]",4.6780531553
"[6, 5, 2, 1, 4, 3]",39.6147469962
"[6, 5, 2, 1, 7, 4, 3]",2.2087855764
"[6, 5, 2, 3, 1, 4, 7]",2.2286722332
"[6, 5, 2, 3, 1, 4]",22.3869046714
"[6, 5, 2, 3, 4, 1]",36.4752856115
"[6, 5, 2, 4, 1, 3]",18.1383478929
"[6, 5, 2, 4, 3, 1]",44.2986652100
"[6, 5, 2, 4, 7, 3, 1]",2.4505823519
"[6, 5, 3, 1, 2, 4, 7, 8]",4.9864929933
"[6, 5, 3, 1, 2, 4, 7]",8.8097143288
"[6, 5, 3, 1, 2, 4, 8, 7]",2.6789151115
"[6, 5, 3, 1, 2, 4]",66.7476672820
"[6, 5, 3, 1, 4, 2]",25.1805874933
"[6, 5, 3, 2, 1, 4, 7]",5.2481208260
"[6, 5, 3, 2, 1, 4, 8, 7]",2.5164594612
"[6, 5, 3, 2, 1, 4]",36.8412139461
"[6, 5, 3, 2, 4, 1]",42.5885749856
"[6, 5, 3, 4, 1, 2]",54.7305293793
"[6, 5, 3, 4, 2, 1]",135.2286069499
"[6, 5, 3, 7, 4, 2, 1]",2.5099504733
"[6, 5, 4, 1, 2, 3, 7, 8, 9, 10]",2.2870842050
"[6, 5, 4, 1, 2, 3, 7, 8, 9]",2.8641926926
"[6, 5, 4, 1, 2, 3, 7, 8]",3.8896980797
"[6, 5, 4, 1, 2, 3, 7]",6.3985913459
"[6, 5, 4, 1, 2, 3]",104.9819910124
"[6, 5, 4, 1, 3, 2]",66.5112476490
"[6, 5, 4, 2, 1, 3, 7, 8, 9]",3.4813739494
"[6, 5, 4, 2, 1, 3, 7, 8]",4.9511600199
"[6, 5, 4, 2, 1, 3, 7]",6.7021715362
"[6, 5, 4, 2, 1, 3]",120.2629517922
"[6, 5, 4, 2, 1, 7, 3]",2.5303733212
"[6, 5, 4, 2, 3, 1]",118.5629971221
"[6, 5, 4, 3, 1, 2, 7, 8]",2.4702592776
"[6, 5, 4, 3, 1, 2, 7]",5.1385610917
"[6, 5, 4, 3, 1, 2]",179.3692622814
"[6, 5, 4, 3, 2, 1, 7, 8, 9]",2.0013821408
"[6, 5, 4, 3, 2, 1, 7, 8]",2.6781447938
"[6, 5, 4, 3, 2, 1, 7]",3.4899385109
"[6, 5, 4, 3, 2, 1]",321.3777970675
"[6, 5, 4, 3, 7, 1, 2]",2.4769378988
"[6, 5, 4, 7, 2, 3, 1]",5.7279788634
"[6, 5, 4, 7, 3, 2, 1]",9.0744526754
"[6, 5, 4, 7, 8, 3, 2, 1]",3.2930058791
"[6, 5, 7, 1, 2, 4, 3]",2.0335701298
"[6, 5, 7, 1, 3, 2, 4]",2.1843616216
"[6, 5, 7, 2, 1, 4, 3]",2.4254851967
"[6, 5, 7, 2, 3, 1, 4]",2.1369933153
"[6, 5, 7, 3, 1, 2, 4, 8]",2.0346445693
"[6, 5, 7, 3, 1, 2, 4]",9.4601516369
"[6, 5, 7, 3, 2, 1, 4]",6.4744215389
"[6, 5, 7, 3, 2, 4, 1]",2.5806531106
"[6, 5, 7, 3, 4, 1, 2]",6.3933463002
"[6, 5, 7, 3, 4, 2, 1]",10.8108385232
"[6, 5, 7, 4, 1, 2, 3]",4.5907072999
"[6, 5, 7, 4, 1, 3, 2]",4.5437067971
"[6, 5, 7, 4, 2, 1, 3]",6.1638187249
"[6, 5, 7, 4, 2, 3, 1]",5.4815791691
"[6, 5, 7, 4, 3, 1, 2]",17.0755156593
"[6, 5, 7, 4, 3, 2, 1]",24.7293109055
"[6, 5, 7, 8, 4, 1, 3, 2]",2.4894569191
"[6, 5, 7, 8, 4, 3, 1, 2]",4.3039516598
"[6, 5, 7, 8, 4, 3, 2, 1]",7.4696939090
"[6, 5, 7, 9, 8, 3, 4, 2, 1]",2.2905108091
"[6, 5, 7, 9, 8, 4, 2, 3, 1]",2.3298973828
"[6, 5, 7, 9, 8, 4, 3, 2, 1]",3.1079921483
"[6, 5, 8, 4, 3, 1, 2, 7]",2.0408664405
"[6, 5, 8, 7, 3, 4, 2, 1]",2.2158610360
"[6, 5, 8, 7, 4, 2, 3, 1]",5.1802593897
"[6, 5, 8, 7, 4, 3, 1, 2]",4.9889953163
"[6, 5, 8, 7, 4, 3, 2, 1]",6.6893770120
"[6, 7, 1, 2, 4, 3, 5, 8]",2.0970883309
"[6, 7, 1, 2, 4, 3, 5]",3.4063186696
"[6, 7, 1, 2, 5, 4, 3]",2.2155331699
"[6, 7, 1, 3, 4, 2, 5, 8]",2.6626196174
"[6, 7, 1, 3, 4, 2, 5]",2.6625040849
"[6, 7, 10, 9, 8, 5, 4, 3, 1, 2]",2.7672894322
"[6, 7, 10, 9, 8, 5, 4, 3, 2, 1]",2.4372100718
"[6, 7, 2, 1, 3, 4, 5]",3.1165518667
"[6, 7, 2, 1, 3, 5, 4]",2.9242624473
"[6, 7, 2, 1, 5, 3, 4]",2.1687853089
"[6, 7, 2, 4, 3, 1, 5]",2.4001933288
"[6, 7, 2, 4, 5, 3, 1]",2.6327915684
"[6, 7, 3, 1, 2, 4, 5]",6.0748374610
"[6, 7, 3, 1, 2, 5, 4]",4.6218927550
"[6, 7, 3, 2, 1, 4, 5]",4.4493268742
"[6, 7, 3, 2, 1, 5, 4]",4.8928765099
"[6, 7, 3, 2, 4, 5, 1]",2.1004944831
"[6, 7, 3, 2, 5, 4, 1]",5.2532138292
"[6, 7, 3, 4, 2, 1, 5]",2.6695171168
"[6, 7, 3, 4, 2, 5, 1]",3.5222432348
"[6, 7, 3, 4, 5, 1, 2]",2.6377949051
"[6, 7, 3, 4, 5, 2, 1]",8.6357973472
"[6, 7, 3, 5, 4, 1, 2]",3.7783072318
"[6, 7, 3, 5, 4, 2, 1]",5.4936324107
"[6, 7, 4, 1, 2, 3, 5]",5.9908475437
"[6, 7, 4, 1, 2, 5, 3]",6.3482265777
"[6, 7, 4, 1, 3, 2, 5]",3.6953092848
"[6, 7, 4, 1, 3, 5, 2]",2.1451278580
"[6, 7, 4, 2, 1, 3, 5]",3.7094041802
"[6, 7, 4, 2, 1, 5, 3]",5.0466612453
"[6, 7, 4, 2, 3, 5, 1]",2.2244716003
"[6, 7, 4, 3, 1, 2, 5]",3.3536774601
"[6, 7, 4, 3, 2, 5, 1]",2.1144036894
"[6, 7, 4, 3, 5, 1, 2]",5.0598714267
"[6, 7, 4, 3, 5, 2, 1]",10.2079122769
"[6, 7, 4, 5, 1, 2, 3]",6.7837703396
"[6, 7, 4, 5, 1, 3, 2]",3.6404398528
"[6, 7, 4, 5, 2, 1, 3]",12.1250086074
"[6, 7, 4, 5, 2, 3, 1]",7.6022152284
"[6, 7, 4, 5, 3, 1, 2]",15.5861932069
"[6, 7, 4, 5, 3, 2, 1]",18.4540217630
"[6, 7, 4, 8, 5, 3, 1, 2]",2.0307514485
"[6, 7, 5, 1, 2, 3, 4]",10.8587608746
"[6, 7, 5, 1, 2, 4, 3]",6.4090431549
"[6, 7, 5, 1, 3, 2, 4]",4.9811040615
"[6, 7, 5, 1, 3, 4, 2]",6.2159856969
"[6, 7, 5, 1, 4, 2, 3]",5.1105388791
"[6, 7, 5, 1, 4, 3, 2]",3.5596123688
"[6, 7, 5, 2, 1, 3, 4]",12.5978599125
"[6, 7, 5, 2, 1, 4, 3, 8]",2.3020199231
"[6, 7, 5, 2, 1, 4, 3]",11.4342677349
"[6, 7, 5, 2, 3, 1, 4]",3.8398419613
"[6, 7, 5, 2, 3, 4, 1]",6.2848457115
"[6, 7, 5, 2, 4, 1, 3]",7.2133304244
"[6, 7, 5, 2, 4, 3, 1]",10.9468499535
"[6, 7, 5, 3, 1, 2, 4]",16.6767629482
"[6, 7, 5, 3, 1, 4, 2]",9.4946967448
"[6, 7, 5, 3, 2, 1, 4]",12.2084153346
"[6, 7, 5, 3, 2, 4, 1]",9.2653778556
"[6, 7, 5, 3, 4, 1, 2]",18.3619561442
"[6, 7, 5, 3, 4, 2, 1]",27.5827547395
"[6, 7, 5, 4, 1, 2, 3]",30.1710188818
"[6, 7, 5, 4, 1, 3, 2]",16.2331204196
"[6, 7, 5, 4, 2, 1, 3, 8]",2.0330729498
"[6, 7, 5, 4, 2, 1, 3]",23.9671510333
"[6, 7, 5, 4, 2, 3, 1]",29.5998590375
"[6, 7, 5, 4, 3, 1, 2]",44.6506192422
"[6, 7, 5, 4, 3, 2, 1]",76.1473569822
"[6, 7, 5, 8, 3, 4, 1, 2]",2.0566480220
"[6, 7, 8, 10, 9, 5, 4, 2, 1, 3]",2.3603440188
"[6, 7, 8, 4, 3, 5, 2, 1]",2.9426132242
"[6, 7, 8, 4, 5, 2, 1, 3]",2.8087368881
"[6, 7, 8, 4, 5, 2, 3, 1]",2.7458609457
"[6, 7, 8, 4, 5, 3, 2, 1]",3.7038238029
"[6, 7, 8, 5, 1, 3, 2, 4]",2.2070168819
"[6, 7, 8, 5, 2, 1, 3, 4]",3.2775034903
"[6, 7, 8, 5, 2, 1, 4, 3]",2.7881467674
"[6, 7, 8, 5, 2, 3, 4, 1]",2.0986347294
"[6, 7, 8, 5, 2, 4, 3, 1]",2.0665765976
"[6, 7, 8, 5, 3, 1, 2, 4]",3.2897056470
"[6, 7, 8, 5, 3, 2, 1, 4]",3.2101343083
"[6, 7, 8, 5, 3, 2, 4, 1]",2.5600966416
"[6, 7, 8, 5, 3, 4, 1, 2]",4.0406130556
"[6, 7, 8, 5, 3, 4, 2, 1]",5.0875763795
"[6, 7, 8, 5, 4, 1, 2, 3]",6.3105489889
"[6, 7, 8, 5, 4, 1, 3, 2]",4.3462864122
"[6, 7, 8, 5, 4, 2, 1, 3]",6.0337548166
"[6, 7, 8, 5, 4, 2, 3, 1]",6.8777805721
"[6, 7, 8, 5, 4, 3, 1, 2]",7.5942836185
"[6, 7, 8, 5, 4, 3, 2, 1]",18.5510410945
"[6, 7, 8, 9, 5, 3, 4, 2, 1]",2.8094086989
"[6, 7, 8, 9, 5, 4, 3, 1, 2]",2.1705353879
"[6, 7, 8, 9, 5, 4, 3, 2, 1]",4.5568702109
"[6, 7, 9, 10, 8, 4, 5, 3, 2, 1]",2.0402720127
"[6, 7, 9, 10, 8, 5, 4, 3, 2, 1]",2.2765542229
"[6, 7, 9, 8, 4, 3, 2, 1, 5]",2.0547337028
"[6, 7, 9, 8, 4, 5, 3, 1, 2]",2.8435320822
"[6, 7, 9, 8, 5, 1, 2, 3, 4]",2.1986104634
"[6, 7, 9, 8, 5, 2, 1, 3, 4]",2.3070296362
"[6, 7, 9, 8, 5, 4, 2, 1, 3]",3.7531815244
"[6, 7, 9, 8, 5, 4, 2, 3, 1]",2.4755631499
"[6, 7, 9, 8, 5, 4, 3, 1, 2]",3.7619852322
"[6, 7, 9, 8, 5, 4, 3, 2, 1]",5.6749622521
"[6, 8, 10, 9, 7, 5, 3, 4, 2, 1]",3.0268692685
"[6, 8, 4, 5, 7, 3, 2, 1]",2.4475761380
"[6, 8, 5, 4, 7, 3, 2, 1]",2.0959820106
"[6, 8, 5, 7, 4, 3, 2, 1]",4.5190806287
"[6, 8, 7, 3, 1, 2, 5, 4]",2.3685967354
"[6, 8, 7, 3, 4, 5, 2, 1]",2.9698590293
"[6, 8, 7, 3, 5, 4, 2, 1]",2.8642720823
"[6, 8, 7, 4, 1, 2, 3, 5]",3.1667516889
"[6, 8, 7, 4, 2, 1, 3, 5]",5.5912577273
"[6, 8, 7, 4, 2, 5, 3, 1]",2.0565078740
"[6, 8, 7, 4, 3, 2, 1, 5]",3.3433383392
"[6, 8, 7, 4, 3, 5, 2, 1]",2.9879122094
"[6, 8, 7, 4, 5, 1, 2, 3]",2.1499578172
"[6, 8, 7, 4, 5, 2, 1, 3]",2.0899427114
"[6, 8, 7, 4, 5, 3, 1, 2]",7.9188410829
"[6, 8, 7, 4, 5, 3, 2, 1]",9.6826142643
"[6, 8, 7, 5, 1, 2, 3, 4]",4.4846285918
"[6, 8, 7, 5, 2, 1, 3, 4]",4.9903139089
"[6, 8, 7, 5, 2, 1, 4, 3]",2.8022828042
"[6, 8, 7, 5, 2, 3, 1, 4]",2.8782612878
"[6, 8, 7, 5, 2, 3, 4, 1]",4.9478395924
"[6, 8, 7, 5, 2, 4, 1, 3]",3.2939754800
"[6, 8, 7, 5, 2, 4, 3, 1]",3.7595197796
"[6, 8, 7, 5, 3, 1, 2, 4]",4.0292554288
"[6, 8, 7, 5, 3, 2, 4, 1]",2.3709394832
"[6, 8, 7, 5, 3, 4, 1, 2]",2.2571519901
"[6, 8, 7, 5, 3, 4, 2, 1]",16.2156195668
"[6, 8, 7, 5, 4, 1, 2, 3]",10.9288358152
"[6, 8, 7, 5, 4, 1, 3, 2]",4.5440891255
"[6, 8, 7, 5, 4, 2, 1, 3]",9.2286758631
"[6, 8, 7, 5, 4, 2, 3, 1]",8.5306934755
"[6, 8, 7, 5, 4, 3, 1, 2]",10.9374316287
"[6, 8, 7, 5, 4, 3, 2, 1]",17.8402061363
"[6, 8, 7, 9, 5, 4, 3, 2, 1]",2.9272532571
"[6, 8, 9, 7, 4, 5, 3, 2, 1]",2.0402720127
"[6, 8, 9, 7, 5, 1, 3, 4, 2]",2.0409036444
"[6, 8, 9, 7, 5, 3, 4, 2, 1]",5.0643726545
"[6, 8, 9, 7, 5, 4, 1, 3, 2]",3.7318853995
"[6, 8, 9, 7, 5, 4, 2, 3, 1]",3.0724225482
"[6, 8, 9, 7, 5, 4, 3, 1, 2]",2.3435709852
"[6, 8, 9, 7, 5, 4, 3, 2, 1]",5.0768030515
"[6, 9, 10, 7, 8, 5, 4, 3, 2, 1]",2.0160086650
"[6, 9, 10, 8, 7, 5, 4, 3, 2, 1]",2.1032131982
"[6, 9, 7, 8, 5, 3, 4, 2, 1]",2.5816029073
"[6, 9, 7, 8, 5, 4, 3, 2, 1]",3.6136528187
"[6, 9, 8, 7, 5, 2, 1, 3, 4]",2.3688829912
"[6, 9, 8, 7, 5, 4, 2, 3, 1]",2.2983191421
"[6, 9, 8, 7, 5, 4, 3, 1, 2]",4.2742677437
"[6, 9, 8, 7, 5, 4, 3, 2, 1]",6.4035687645
"[7, 1, 2, 3, 4, 5, 6]",3.3265835004
"[7, 1, 2, 4, 6, 5, 3]",3.8595223611
"[7, 1, 3, 2, 4, 6, 5]",2.2287450640
"[7, 1, 3, 6, 5, 4, 2]",2.4074357894
"[7, 1, 4, 2, 3, 5, 6]",2.7433362372
"[7, 1, 4, 3, 2, 6, 5]",2.5198213406
"[7, 10, 8, 9, 6, 5, 4, 3, 2, 1]",2.6857661806
"[7, 10, 9, 8, 6, 5, 4, 3, 2, 1]",3.8992485385
"[7, 2, 1, 3, 4, 5, 6]",2.0964887515
"[7, 2, 1, 3, 4, 6, 5]",2.0965685386
"[7, 2, 1, 3, 5, 6, 4]",3.2230343927
"[7, 2, 1, 3, 6, 5, 4]",4.6270251203
"[7, 2, 1, 4, 3, 5, 6]",2.1113917943
"[7, 2, 1, 4, 6, 5, 3]",2.9441051110
"[7, 2, 1, 5, 3, 4, 6]",2.1688794178
"[7, 2, 3, 1, 4, 6, 5]",5.7423348442
"[7, 2, 3, 1, 5, 4, 6]",3.0828929759
"[7, 2, 3, 4, 1, 5, 6]",2.0405619323
"[7, 2, 3, 5, 4, 6, 1]",2.5097949274
"[7, 2, 3, 5, 6, 4, 1]",2.2509835715
"[7, 2, 3, 6, 5, 4, 1]",3.2621760044
"[7, 2, 4, 3, 6, 5, 1]",2.3541474389
"[7, 2, 4, 5, 6, 3, 1]",2.8984752316
"[7, 2, 4, 6, 5, 1, 3]",2.3797614414
"[7, 2, 4, 6, 5, 3, 1]",3.4814950182
"[7, 2, 5, 3, 1, 4, 6]",2.2566807070
"[7, 2, 5, 6, 3, 4, 1]",2.1788158980
"[7, 2, 5, 6, 4, 3, 1]",2.2906208980
"[7, 2, 6, 4, 3, 5, 1]",3.1395213290
"[7, 3, 1, 2, 4, 5, 6]",4.4545500280
"[7, 3, 1, 2, 4, 6, 5]",4.8685645779
"[7, 3, 1, 2, 5, 4, 6]",3.0434259646
"[7, 3, 1, 2, 5, 6, 4]",8.6819835218
"[7, 3, 1, 2, 6, 4, 5]",3.1219846399
"[7, 3, 1, 2, 6, 5, 4]",3.6286982113
"[7, 3, 1, 4, 2, 5, 6]",2.1677327071
"[7, 3, 1, 5, 6, 4, 2]",2.0606295116
"[7, 3, 2, 1, 4, 6, 5]",4.7977218760
"[7, 3, 2, 1, 6, 4, 5]",2.1346408346
"[7, 3, 2, 4, 6, 5, 1]",2.9792150586
"[7, 3, 2, 5, 6, 4, 1]",3.8134608324
"[7, 3, 4, 1, 2, 5, 6]",2.9995529241
"[7, 3, 4, 1, 2, 6, 5]",2.6039189593
"[7, 3, 4, 5, 2, 1, 6]",2.2523920852
"[7, 3, 4, 5, 6, 1, 2]",2.5994341466
"[7, 3, 4, 5, 6, 2, 1]",5.3291382363
"[7, 3, 4, 6, 5, 2, 1]",3.6563158567
"[7, 3, 5, 1, 2, 4, 6]",2.6496926444
"[7, 3, 5, 2, 6, 4, 1]",2.0030080512
"[7, 3, 5, 4, 6, 2, 1]",4.9768323719
"[7, 3, 5, 6, 4, 1, 2]",2.2816678223
"[7, 3, 5, 6, 4, 2, 1]",4.1745732938
"[7, 3, 6, 2, 1, 4, 5]",2.1945465900
"[7, 3, 6, 4, 5, 2, 1]",2.1784076501
"[7, 3, 6, 5, 2, 1, 4]",2.8007255937
"[7, 3, 6, 5, 2, 4, 1]",2.4605691956
"[7, 3, 6, 5, 4, 1, 2]",2.1417011394
"[7, 3, 6, 5, 4, 2, 1]",7.0430815144
"[7, 4, 1, 2, 3, 5, 6, 8]",2.4638258546
"[7, 4, 1, 2, 3, 5, 6]",5.1396457056
"[7, 4, 1, 2, 3, 6, 5]",3.3476785848
"[7, 4, 1, 2, 5, 3, 6, 8, 9]",2.1146342565
"[7, 4, 1, 2, 5, 3, 6, 8]",2.1145425014
"[7, 4, 1, 2, 5, 3, 6]",3.7193173114
"[7, 4, 1, 2, 5, 6, 3]",3.9131578276
"[7, 4, 1, 3, 2, 5, 6]",3.1671369383
"[7, 4, 1, 3, 6, 5, 2]",4.8215457138
"[7, 4, 2, 1, 3, 5, 6, 8, 9, 10]",2.9091651851
"[7, 4, 2, 1, 3, 5, 6, 8, 9]",2.9090389549
"[7, 4, 2, 1, 3, 5, 6, 8]",4.3699026562
"[7, 4, 2, 1, 3, 5, 6]",10.9741485400
"[7, 4, 2, 1, 3, 6, 5]",3.1977539084
"[7, 4, 2, 1, 5, 6, 3]",3.8166795073
"[7, 4, 2, 3, 1, 5, 6]",2.5685034168
"[7, 4, 2, 5, 6, 3, 1]",4.7440614025
"[7, 4, 2, 6, 5, 3, 1]",2.8250153989
"[7, 4, 3, 1, 2, 5, 6]",6.0178564574
"[7, 4, 3, 1, 2, 6, 5]",3.9220775292
"[7, 4, 3, 2, 1, 5, 6, 8]",2.0731869076
"[7, 4, 3, 2, 1, 5, 6]",5.4714956359
"[7, 4, 3, 2, 1, 6, 5]",2.6153003041
"[7, 4, 3, 2, 5, 6, 1]",4.7215662759
"[7, 4, 3, 5, 1, 2, 6]",3.6867870920
"[7, 4, 3, 5, 6, 1, 2]",2.2627070803
"[7, 4, 3, 5, 6, 2, 1]",2.8463106202
"[7, 4, 3, 6, 5, 1, 2]",3.8943631818
"[7, 4, 3, 6, 5, 2, 1]",9.8085351189
"[7, 4, 5, 1, 2, 3, 6]",2.6672092722
"[7, 4, 5, 2, 1, 3, 6]",5.1100659779
"[7, 4, 5, 2, 3, 1, 6]",2.4611863813
"[7, 4, 5, 3, 1, 2, 6]",5.2762016908
"[7, 4, 5, 3, 6, 2, 1]",4.1898312172
"[7, 4, 5, 6, 1, 2, 3]",3.1158318579
"[7, 4, 5, 6, 2, 1, 3]",3.1962973404
"[7, 4, 5, 6, 2, 3, 1]",5.3498997023
"[7, 4, 5, 6, 3, 1, 2]",5.4293771561
"[7, 4, 5, 6, 3, 2, 1]",20.6886568745
"[7, 4, 5, 8, 6, 3, 2, 1]",3.1449377439
"[7, 4, 6, 2, 1, 3, 5]",2.2266794336
"[7, 4, 6, 3, 1, 2, 5, 8]",2.0602262057
"[7, 4, 6, 3, 1, 2, 5]",4.7981235598
"[7, 4, 6, 3, 2, 1, 5]",2.3270116847
"[7, 4, 6, 3, 5, 2, 1]",2.6232367911
"[7, 4, 6, 5, 1, 2, 3]",4.7088963916
"[7, 4, 6, 5, 2, 1, 3]",2.8532034522
"[7, 4, 6, 5, 2, 3, 1]",5.1224258981
"[7, 4, 6, 5, 3, 1, 2]",14.7598029798
"[7, 4, 6, 5, 3, 2, 1]",13.6340423272
"[7, 4, 6, 8, 5, 3, 2, 1]",2.9465869422
"[7, 4, 8, 6, 5, 3, 2, 1]",2.7516150460
"[7, 5, 1, 2, 3, 4, 6]",6.0655049507
"[7, 5, 1, 2, 3, 6, 4]",3.6330621160
"[7, 5, 1, 2, 4, 6, 3]",2.9996497252
"[7, 5, 1, 3, 2, 4, 6]",4.8256070584
"[7, 5, 1, 3, 4, 2, 6]",2.7245350031
"[7, 5, 1, 3, 4, 6, 2]",2.2984204704
"[7, 5, 1, 3, 6, 4, 2]",4.3220901343
"[7, 5, 1, 4, 2, 3, 6]",2.6007023459
"[7, 5, 2, 1, 3, 4, 6, 8, 9]",2.4446769778
"[7, 5, 2, 1, 3, 4, 6, 8]",3.4059319389
"[7, 5, 2, 1, 3, 4, 6]",5.2471094876
"[7, 5, 2, 1, 3, 6, 4]",3.0409342293
"[7, 5, 2, 1, 4, 3, 6, 8]",2.1641717946
"[7, 5, 2, 1, 4, 3, 6]",7.3939283662
"[7, 5, 2, 1, 4, 6, 3]",2.2879685389
"[7, 5, 2, 1, 6, 4, 3]",2.9909443834
"[7, 5, 2, 3, 1, 4, 6, 8]",2.1761116505
"[7, 5, 2, 3, 1, 4, 6]",2.7646319029
"[7, 5, 2, 3, 6, 4, 1]",3.0053124389
"[7, 5, 2, 4, 1, 3, 6, 8]",2.3542775641
"[7, 5, 2, 4, 1, 3, 6]",5.5912200295
"[7, 5, 2, 4, 6, 3, 1]",3.5664607379
"[7, 5, 2, 6, 4, 3, 1]",6.2857602001
"[7, 5, 3, 1, 2, 4, 6, 8]",3.3963516118
"[7, 5, 3, 1, 2, 4, 6]",9.1307620518
"[7, 5, 3, 1, 2, 6, 4]",3.6858640330
"[7, 5, 3, 2, 1, 4, 6, 8]",4.9199242341
"[7, 5, 3, 2, 1, 4, 6, 9, 8]",3.3012363375
"[7, 5, 3, 2, 1, 4, 6]",6.7166162978
"[7, 5, 3, 2, 4, 1, 6]",3.2487705656
"[7, 5, 3, 2, 6, 1, 4]",2.4757328353
"[7, 5, 3, 4, 1, 2, 6, 8]",2.2512547655
"[7, 5, 3, 4, 1, 2, 6]",3.6568458186
"[7, 5, 3, 4, 2, 1, 6]",2.6167149349
"[7, 5, 3, 4, 6, 2, 1]",9.3421475640
"[7, 5, 3, 6, 1, 2, 4]",2.9062954986
"[7, 5, 3, 6, 1, 4, 2]",2.7311574176
"[7, 5, 3, 6, 4, 1, 2]",4.3711556138
"[7, 5, 3, 6, 4, 2, 1]",6.8877608057
"[7, 5, 4, 1, 2, 3, 6]",9.1103538566
"[7, 5, 4, 1, 2, 6, 3]",2.5322986799
"[7, 5, 4, 2, 1, 3, 6, 8]",3.1977838208
"[7, 5, 4, 2, 1, 3, 6, 9, 8]",2.0636447792
"[7, 5, 4, 2, 1, 3, 6]",11.6949937077
"[7, 5, 4, 2, 1, 6, 3]",2.9561427801
"[7, 5, 4, 3, 1, 2, 6]",3.8546554026
"[7, 5, 4, 3, 2, 1, 6]",3.3452166860
"[7, 5, 4, 3, 6, 1, 2]",2.8222883704
"[7, 5, 4, 3, 6, 2, 1]",2.2215003221
"[7, 5, 4, 6, 1, 2, 3]",3.0112482416
"[7, 5, 4, 6, 2, 1, 3]",5.5488589800
"[7, 5, 4, 6, 2, 3, 1]",5.8912603346
"[7, 5, 4, 6, 3, 1, 2]",8.5611226609
"[7, 5, 4, 6, 3, 2, 1]",24.2213367192
"[7, 5, 4, 8, 6, 3, 2, 1]",2.1102854569
"[7, 5, 6, 1, 2, 3, 4]",4.9886865737
"[7, 5, 6, 1, 2, 4, 3]",2.6267835497
"[7, 5, 6, 1, 3, 4, 2]",2.9859083429
"[7, 5, 6, 1, 4, 3, 2]",3.2809338479
"[7, 5, 6, 2, 1, 3, 4]",7.9305003066
"[7, 5, 6, 2, 1, 4, 3]",5.1211329562
"[7, 5, 6, 2, 3, 1, 4]",3.0086616874
"[7, 5, 6, 2, 3, 4, 1]",5.9913699561
"[7, 5, 6, 2, 4, 1, 3]",3.9400474352
"[7, 5, 6, 2, 4, 3, 1]",5.5992852439
"[7, 5, 6, 3, 1, 2, 4]",14.0206166103
"[7, 5, 6, 3, 1, 4, 2]",2.9506541424
"[7, 5, 6, 3, 2, 1, 4]",9.6737775191
"[7, 5, 6, 3, 2, 4, 1]",8.7251237687
"[7, 5, 6, 3, 4, 1, 2]",8.3555958134
"[7, 5, 6, 3, 4, 2, 1]",13.0606904651
"[7, 5, 6, 4, 1, 2, 3]",15.0336636921
"[7, 5, 6, 4, 1, 3, 2]",7.2861351333
"[7, 5, 6, 4, 2, 1, 3]",19.5879329468
"[7, 5, 6, 4, 2, 3, 1]",20.2186223702
"[7, 5, 6, 4, 3, 1, 2]",29.5006991122
"[7, 5, 6, 4, 3, 2, 1]",47.3354696382
"[7, 5, 6, 8, 4, 1, 2, 3]",3.5413289936
"[7, 5, 6, 8, 4, 2, 1, 3]",2.1330799032
"[7, 5, 6, 8, 4, 3, 2, 1]",2.5947518628
"[7, 5, 8, 6, 1, 3, 2, 4]",3.4369869911
"[7, 5, 8, 6, 3, 4, 2, 1]",3.1643188752
"[7, 5, 8, 6, 4, 1, 3, 2]",2.4325091396
"[7, 5, 8, 6, 4, 2, 3, 1]",2.6036523581
"[7, 5, 8, 6, 4, 3, 1, 2]",2.6175638414
"[7, 6, 1, 2, 3, 4, 5]",6.3646158962
"[7, 6, 1, 2, 3, 5, 4]",4.8279654052
"[7, 6, 1, 2, 4, 3, 5]",4.4706174250
"[7, 6, 1, 2, 4, 5, 3]",3.5547493327
"[7, 6, 1, 2, 5, 4, 3]",8.0695665538
"[7, 6, 1, 3, 2, 4, 5]",3.3300397434
"[7, 6, 1, 3, 2, 5, 4]",2.8202393915
"[7, 6, 1, 3, 4, 2, 5]",6.6089935160
"[7, 6, 1, 3, 4, 5, 2]",2.1620508761
"[7, 6, 1, 3, 5, 4, 2]",4.0735478031
"[7, 6, 1, 4, 2, 3, 5]",2.5085502215
"[7, 6, 1, 4, 3, 2, 5]",5.4849346708
"[7, 6, 1, 4, 5, 2, 3]",2.4489307708
"[7, 6, 1, 4, 5, 3, 2]",4.7170341352
"[7, 6, 1, 5, 4, 2, 3]",3.4752718107
"[7, 6, 1, 5, 4, 3, 2]",3.9405534526
"[7, 6, 2, 1, 3, 4, 5, 8]",2.9777692382
"[7, 6, 2, 1, 3, 4, 5]",12.9175144028
"[7, 6, 2, 1, 3, 5, 4]",11.4606862720
"[7, 6, 2, 1, 4, 3, 5]",6.1314412087
"[7, 6, 2, 1, 4, 5, 3]",8.3048067296
"[7, 6, 2, 1, 5, 4, 3]",5.7391269401
"[7, 6, 2, 3, 1, 4, 5]",6.2925296350
"[7, 6, 2, 3, 1, 5, 4]",3.8821779599
"[7, 6, 2, 3, 4, 1, 5]",4.1954110451
"[7, 6, 2, 3, 4, 5, 1]",6.7712575934
"[7, 6, 2, 3, 5, 4, 1]",5.6386851756
"[7, 6, 2, 4, 1, 3, 5]",3.5317530011
"[7, 6, 2, 4, 3, 5, 1]",5.0063548327
"[7, 6, 2, 4, 5, 1, 3]",2.8312990444
"[7, 6, 2, 4, 5, 3, 1]",3.8639835147
"[7, 6, 2, 5, 1, 3, 4]",2.4689353524
"[7, 6, 2, 5, 3, 1, 4]",3.3710776682
"[7, 6, 2, 5, 3, 4, 1]",3.8591045976
"[7, 6, 2, 5, 4, 1, 3]",2.8134749591
"[7, 6, 2, 5, 4, 3, 1]",5.0539540543
"[7, 6, 3, 1, 2, 4, 5, 8, 9]",2.0539185728
"[7, 6, 3, 1, 2, 4, 5, 8]",2.4368911765
"[7, 6, 3, 1, 2, 4, 5]",16.7445319376
"[7, 6, 3, 1, 2, 5, 4]",12.4923388164
"[7, 6, 3, 1, 4, 2, 5]",3.6149799080
"[7, 6, 3, 1, 4, 5, 2]",4.2825427360
"[7, 6, 3, 1, 5, 2, 4]",2.7573889706
"[7, 6, 3, 1, 5, 4, 2]",4.9803849372
"[7, 6, 3, 2, 1, 4, 5]",10.2800632103
"[7, 6, 3, 2, 1, 5, 4]",4.3561560811
"[7, 6, 3, 2, 4, 1, 5]",2.7874834357
"[7, 6, 3, 2, 4, 5, 1]",3.7037692891
"[7, 6, 3, 2, 5, 4, 1]",7.2290844643
"[7, 6, 3, 4, 1, 2, 5]",7.5926617386
"[7, 6, 3, 4, 1, 5, 2]",2.1627595513
"[7, 6, 3, 4, 2, 1, 5]",6.0216661325
"[7, 6, 3, 4, 2, 5, 1]",2.8500863002
"[7, 6, 3, 4, 5, 1, 2]",7.1727321792
"[7, 6, 3, 4, 5, 2, 1]",18.3190611152
"[7, 6, 3, 5, 1, 2, 4]",4.4928304980
"[7, 6, 3, 5, 2, 1, 4]",5.8143240235
"[7, 6, 3, 5, 2, 4, 1]",2.7204665875
"[7, 6, 3, 5, 4, 1, 2]",9.8931820046
"[7, 6, 3, 5, 4, 2, 1]",23.6576962737
"[7, 6, 4, 1, 2, 3, 5, 8]",2.6426063940
"[7, 6, 4, 1, 2, 3, 5]",16.0943803745
"[7, 6, 4, 1, 2, 5, 3]",6.1521099549
"[7, 6, 4, 1, 3, 2, 5, 8]",2.0046296316
"[7, 6, 4, 1, 3, 2, 5]",8.7766010641
"[7, 6, 4, 1, 3, 5, 2]",3.2672592988
"[7, 6, 4, 1, 5, 2, 3]",2.4904323277
"[7, 6, 4, 1, 5, 3, 2]",5.0272181072
"[7, 6, 4, 2, 1, 3, 5, 8, 9, 10]",2.8736661526
"[7, 6, 4, 2, 1, 3, 5, 8, 9]",3.3927836396
"[7, 6, 4, 2, 1, 3, 5, 8]",3.3926364249
"[7, 6, 4, 2, 1, 3, 5]",19.2338615022
"[7, 6, 4, 2, 1, 5, 3]",2.9567458489
"[7, 6, 4, 2, 3, 1, 5]",6.0279735231
"[7, 6, 4, 2, 3, 5, 1]",8.2112980712
"[7, 6, 4, 2, 5, 1, 3]",2.2164696423
"[7, 6, 4, 2, 5, 3, 1]",8.2814410560
"[7, 6, 4, 3, 1, 2, 5]",13.5690770041
"[7, 6, 4, 3, 2, 1, 5]",10.7480293681
"[7, 6, 4, 3, 2, 5, 1]",5.7306955409
"[7, 6, 4, 3, 5, 1, 2]",9.1599161165
"[7, 6, 4, 3, 5, 2, 1]",22.6757511192
"[7, 6, 4, 5, 1, 2, 3]",16.1026671665
"[7, 6, 4, 5, 1, 3, 2]",4.7565248392
"[7, 6, 4, 5, 2, 1, 3]",16.2919926038
"[7, 6, 4, 5, 2, 3, 1]",15.0706829233
"[7, 6, 4, 5, 3, 1, 2]",40.4007834556
"[7, 6, 4, 5, 3, 2, 1]",59.1395774769
"[7, 6, 5, 1, 2, 3, 4, 8, 9, 10]",2.4578362622
"[7, 6, 5, 1, 2, 3, 4, 8, 9, 11, 10]",2.4579429136
"[7, 6, 5, 1, 2, 3, 4, 8, 9]",4.0537181684
"[7, 6, 5, 1, 2, 3, 4, 8]",4.0535422754
"[7, 6, 5, 1, 2, 3, 4]",23.9982155003
"[7, 6, 5, 1, 2, 4, 3]",14.5627642667
"[7, 6, 5, 1, 3, 2, 4]",10.4491488826
"[7, 6, 5, 1, 3, 4, 2]",10.6261109619
"[7, 6, 5, 1, 4, 2, 3]",4.6673913913
"[7, 6, 5, 1, 4, 3, 2]",13.1930158507
"[7, 6, 5, 2, 1, 3, 4]",32.2573225607
"[7, 6, 5, 2, 1, 4, 3]",16.4084705612
"[7, 6, 5, 2, 3, 1, 4]",10.6148454845
"[7, 6, 5, 2, 3, 4, 1]",18.9426514473
"[7, 6, 5, 2, 4, 1, 3]",10.3037028726
"[7, 6, 5, 2, 4, 3, 1]",24.5057812027
"[7, 6, 5, 3, 1, 2, 4, 8]",3.1923292309
"[7, 6, 5, 3, 1, 2, 4]",28.6643186708
"[7, 6, 5, 3, 1, 4, 2]",9.3182181256
"[7, 6, 5, 3, 2, 1, 4, 8]",2.2435484673
"[7, 6, 5, 3, 2, 1, 4]",20.4412533023
"[7, 6, 5, 3, 2, 4, 1]",20.7750157625
"[7, 6, 5, 3, 4, 1, 2]",20.9800572540
"[7, 6, 5, 3, 4, 2, 1]",65.9626673645
"[7, 6, 5, 4, 1, 2, 3]",44.3619596483
"[7, 6, 5, 4, 1, 3, 2]",32.9160337541
"[7, 6, 5, 4, 2, 1, 3]",59.9616747027
"[7, 6, 5, 4, 2, 3, 1]",48.0884130586
"[7, 6, 5, 4, 3, 1, 2]",76.7458371837
"[7, 6, 5, 4, 3, 2, 1]",141.4090843488
"[7, 6, 5, 8, 3, 4, 1, 2]",2.3536624369
"[7, 6, 5, 8, 3, 4, 2, 1]",3.3745649773
"[7, 6, 5, 8, 4, 3, 1, 2]",4.2305289557
"[7, 6, 5, 8, 4, 3, 2, 1]",3.3066755277
"[7, 6, 5, 8, 9, 4, 3, 2, 1]",2.7698806039
"[7, 6, 8, 3, 1, 2, 5, 4]",2.7625714048
"[7, 6, 8, 3, 2, 1, 5, 4]",2.7849915595
"[7, 6, 8, 4, 5, 1, 2, 3]",2.0483218742
"[7, 6, 8, 4, 5, 2, 3, 1]",2.2560888054
"[7, 6, 8, 4, 5, 3, 1, 2]",2.5967863567
"[7, 6, 8, 4, 5, 3, 2, 1]",2.6735213938
"[7, 6, 8, 5, 2, 4, 3, 1]",3.3973775471
"[7, 6, 8, 5, 3, 1, 2, 4]",3.8015149989
"[7, 6, 8, 5, 3, 4, 2, 1]",3.5396377585
"[7, 6, 8, 5, 4, 1, 2, 3]",4.4947152748
"[7, 6, 8, 5, 4, 2, 1, 3]",2.7165592607
"[7, 6, 8, 5, 4, 2, 3, 1]",3.9294313665
"[7, 6, 8, 5, 4, 3, 1, 2]",5.8193156626
"[7, 6, 8, 5, 4, 3, 2, 1]",14.5201223084
"[7, 6, 8, 9, 5, 4, 2, 3, 1]",2.4560010888
"[7, 6, 8, 9, 5, 4, 3, 1, 2]",3.2519016260
"[7, 6, 8, 9, 5, 4, 3, 2, 1]",3.7274172169
"[7, 6, 9, 8, 5, 3, 4, 2, 1]",3.9589224965
"[7, 6, 9, 8, 5, 4, 1, 2, 3]",2.7259158870
"[7, 6, 9, 8, 5, 4, 3, 1, 2]",2.3949066864
"[7, 6, 9, 8, 5, 4, 3, 2, 1]",2.1696876898
"[7, 8, 3, 1, 2, 6, 5, 4]",2.1421709005
"[7, 8, 4, 5, 6, 3, 1, 2]",2.6304740271
"[7, 8, 4, 5, 6, 3, 2, 1]",3.0905784775
"[7, 8, 4, 6, 5, 3, 2, 1]",3.3027919432
"[7, 8, 5, 1, 3, 6, 4, 2]",2.6234714922
"[7, 8, 5, 2, 1, 4, 3, 6]",2.3380736013
"[7, 8, 5, 2, 4, 1, 3, 6]",2.7944183443
"[7, 8, 5, 3, 1, 2, 4, 6]",2.6036989047
"[7, 8, 5, 4, 6, 2, 1, 3]",2.5434239432
"[7, 8, 5, 4, 6, 2, 3, 1]",2.1489372130
"[7, 8, 5, 4, 6, 3, 2, 1]",4.6068840348
"[7, 8, 5, 6, 2, 1, 3, 4]",2.8281749270
"[7, 8, 5, 6, 2, 1, 4, 3]",2.7105797096
"[7, 8, 5, 6, 2, 4, 3, 1]",2.1691169608
"[7, 8, 5, 6, 3, 1, 2, 4]",2.1778645257
"[7, 8, 5, 6, 3, 2, 1, 4]",2.2726577519
"[7, 8, 5, 6, 3, 2, 4, 1]",4.5704824511
"[7, 8, 5, 6, 3, 4, 2, 1]",3.4756380779
"[7, 8, 5, 6, 4, 1, 2, 3]",6.4762844028
"[7, 8, 5, 6, 4, 2, 1, 3]",4.7306957584
"[7, 8, 5, 6, 4, 2, 3, 1]",3.0639427379
"[7, 8, 5, 6, 4, 3, 1, 2]",3.4473853274
"[7, 8, 5, 6, 4, 3, 2, 1]",7.6224156398
"[7, 8, 6, 1, 3, 4, 2, 5]",3.2453842258
"[7, 8, 6, 2, 1, 3, 4, 5]",3.7359258984
"[7, 8, 6, 2, 3, 1, 4, 5]",2.1955582097
"[7, 8, 6, 3, 1, 2, 4, 5]",6.4811118821
"[7, 8, 6, 3, 1, 2, 5, 4]",2.1216807546
"[7, 8, 6, 3, 2, 1, 4, 5]",5.7610142562
"[7, 8, 6, 3, 4, 1, 2, 5]",2.9613123975
"[7, 8, 6, 3, 4, 5, 2, 1]",2.6578544460
"[7, 8, 6, 3, 5, 4, 1, 2]",2.3894038153
"[7, 8, 6, 3, 5, 4, 2, 1]",5.3705516703
"[7, 8, 6, 4, 1, 2, 3, 5]",2.6805538390
"[7, 8, 6, 4, 1, 3, 2, 5]",2.4073296909
"[7, 8, 6, 4, 1, 5, 3, 2]",3.0554529673
"[7, 8, 6, 4, 2, 1, 3, 5]",2.5267404593
"[7, 8, 6, 4, 2, 3, 5, 1]",2.1305897616
"[7, 8, 6, 4, 3, 1, 2, 5]",5.2285172403
"[7, 8, 6, 4, 3, 2, 1, 5]",2.0746293256
"[7, 8, 6, 4, 3, 5, 2, 1]",6.2590209726
"[7, 8, 6, 4, 5, 1, 2, 3]",4.0008913892
"[7, 8, 6, 4, 5, 2, 1, 3]",5.4884057972
"[7, 8, 6, 4, 5, 2, 3, 1]",7.6496282985
"[7, 8, 6, 4, 5, 3, 1, 2]",6.9771333591
"[7, 8, 6, 4, 5, 3, 2, 1]",11.5496822218
"[7, 8, 6, 5, 1, 2, 3, 4]",9.2607942969
"[7, 8, 6, 5, 1, 2, 4, 3]",4.1070451873
"[7, 8, 6, 5, 1, 3, 2, 4]",2.9055016839
"[7, 8, 6, 5, 1, 3, 4, 2]",3.7937217924
"[7, 8, 6, 5, 1, 4, 3, 2]",2.4341313370
"[7, 8, 6, 5, 2, 1, 3, 4]",4.1871431124
"[7, 8, 6, 5, 2, 1, 4, 3]",4.1384198200
"[7, 8, 6, 5, 2, 3, 1, 4]",2.4032266520
"[7, 8, 6, 5, 2, 3, 4, 1]",4.8387587708
"[7, 8, 6, 5, 2, 4, 3, 1]",5.8623900936
"[7, 8, 6, 5, 3, 1, 2, 4]",6.8851510010
"[7, 8, 6, 5, 3, 2, 1, 4]",7.6250775266
"[7, 8, 6, 5, 3, 2, 4, 1]",6.2748500820
"[7, 8, 6, 5, 3, 4, 1, 2]",6.9680907816
"[7, 8, 6, 5, 3, 4, 2, 1]",17.2506531479
"[7, 8, 6, 5, 4, 1, 2, 3]",9.7823604950
"[7, 8, 6, 5, 4, 1, 3, 2]",6.8143259901
"[7, 8, 6, 5, 4, 2, 1, 3]",11.5670330048
"[7, 8, 6, 5, 4, 2, 3, 1]",14.7333781360
"[7, 8, 6, 5, 4, 3, 1, 2]",16.9450695858
"[7, 8, 6, 5, 4, 3, 2, 1]",35.1196278647
"[7, 8, 9, 10, 6, 5, 4, 2, 3, 1]",2.1706295727
"[7, 8, 9, 10, 6, 5, 4, 3, 2, 1]",3.3466697653
"[7, 8, 9, 5, 4, 6, 3, 2, 1]",2.1324499505
"[7, 8, 9, 5, 6, 4, 3, 1, 2]",2.1041839230
"[7, 8, 9, 6, 4, 5, 3, 1, 2]",2.3427295386
"[7, 8, 9, 6, 5, 3, 2, 1, 4]",3.1437832533
"[7, 8, 9, 6, 5, 3, 4, 1, 2]",3.1957738861
"[7, 8, 9, 6, 5, 3, 4, 2, 1]",2.5954420010
"[7, 8, 9, 6, 5, 4, 1, 2, 3]",2.5886271678
"[7, 8, 9, 6, 5, 4, 2, 1, 3]",3.2173232768
"[7, 8, 9, 6, 5, 4, 2, 3, 1]",2.1706295727
"[7, 8, 9, 6, 5, 4, 3, 1, 2]",2.7422171224
"[7, 8, 9, 6, 5, 4, 3, 2, 1]",7.4739746922
"[7, 9, 10, 8, 6, 5, 4, 3, 2, 1]",3.3216925178
"[7, 9, 8, 5, 4, 1, 2, 3, 6]",2.4153235902
"[7, 9, 8, 5, 6, 4, 2, 3, 1]",2.1587412819
"[7, 9, 8, 5, 6, 4, 3, 1, 2]",4.0687540797
"[7, 9, 8, 5, 6, 4, 3, 2, 1]",3.0874361934
"[7, 9, 8, 6, 2, 1, 3, 5, 4]",2.3703330519
"[7, 9, 8, 6, 3, 4, 5, 2, 1]",2.2237567066
"[7, 9, 8, 6, 3, 5, 4, 2, 1]",2.3278752971
"[7, 9, 8, 6, 4, 5, 3, 1, 2]",5.0188786816
"[7, 9, 8, 6, 4, 5, 3, 2, 1]",7.5904681904
"[7, 9, 8, 6, 5, 1, 2, 3, 4]",2.4389892381
"[7, 9, 8, 6, 5, 1, 4, 3, 2]",3.0815232538
"[7, 9, 8, 6, 5, 2, 3, 4, 1]",2.8964487105
"[7, 9, 8, 6, 5, 3, 1, 2, 4]",3.3017299057
"[7, 9, 8, 6, 5, 3, 4, 2, 1]",6.2069028429
"[7, 9, 8, 6, 5, 4, 1, 2, 3]",2.6726795894
"[7, 9, 8, 6, 5, 4, 2, 1, 3]",4.7371649435
"[7, 9, 8, 6, 5, 4, 2, 3, 1]",2.0589011515
"[7, 9, 8, 6, 5, 4, 3, 1, 2]",2.9682212022
"[7, 9, 8, 6, 5, 4, 3, 2, 1]",6.8409955626
"[8, 10, 9, 7, 5, 6, 4, 3, 1, 2]",2.2736955050
"[8, 10, 9, 7, 5, 6, 4, 3, 2, 1]",4.1754381917
"[8, 10, 9, 7, 6, 4, 5, 3, 1, 2]",3.0475064975
"[8, 10, 9, 7, 6, 4, 5, 3, 2, 1]",2.1867680465
"[8, 10, 9, 7, 6, 5, 4, 3, 2, 1]",2.7648340155
"[8, 11, 9, 10, 7, 6, 5, 4, 3, 2, 1]",2.3032529164
"[8, 3, 1, 2, 5, 7, 4, 6]",2.5267848385
"[8, 3, 2, 1, 4, 6, 5, 7]",2.5466117886
"[8, 3, 2, 5, 7, 6, 4, 1]",2.0007737531
"[8, 3, 4, 1, 2, 5, 7, 6]",2.0531350957
"[8, 3, 4, 6, 5, 7, 2, 1]",2.0497065360
"[8, 3, 4, 6, 7, 5, 2, 1]",2.2510812471
"[8, 3, 5, 6, 7, 4, 2, 1]",2.1875826361
"[8, 3, 5, 7, 6, 4, 2, 1]",2.6419606873
"[8, 3, 7, 5, 4, 6, 2, 1]",2.2148701951
"[8, 4, 2, 1, 3, 5, 6, 7]",2.0503778506
"[8, 4, 2, 1, 3, 6, 7, 5]",3.0631778672
"[8, 4, 2, 3, 6, 7, 5, 1]",2.0466501347
"[8, 4, 3, 2, 1, 5, 6, 7, 9]",2.1453325070
"[8, 4, 3, 2, 1, 5, 6, 7]",2.5745334879
"[8, 4, 3, 6, 1, 2, 7, 5]",2.1797214354
"[8, 4, 5, 3, 1, 2, 6, 7]",2.1348135280
"[8, 4, 5, 6, 7, 3, 2, 1]",3.2601778637
"[8, 4, 5, 7, 6, 3, 2, 1]",2.4456495595
"[8, 4, 6, 5, 7, 3, 2, 1]",2.1379664388
"[8, 4, 7, 6, 3, 5, 2, 1]",2.4606759657
"[8, 4, 7, 6, 5, 3, 1, 2]",2.2809264672
"[8, 4, 7, 6, 5, 3, 2, 1]",3.4374046354
"[8, 5, 2, 1, 4, 3, 6, 7]",2.3713834998
"[8, 5, 2, 4, 1, 3, 7, 6]",2.6219069168
"[8, 5, 3, 1, 2, 4, 6, 7]",2.7341010596
"[8, 5, 3, 1, 2, 7, 6, 4]",2.0343672583
"[8, 5, 3, 6, 7, 4, 2, 1]",2.4333145423
"[8, 5, 3, 7, 6, 4, 2, 1]",2.0166381856
"[8, 5, 4, 1, 2, 3, 6, 7]",2.3280548368
"[8, 5, 4, 1, 2, 3, 7, 6]",2.3558695344
"[8, 5, 4, 2, 1, 3, 6, 7, 9, 10, 11]",2.2336062029
"[8, 5, 4, 2, 1, 3, 6, 7, 9, 10]",2.2335092855
"[8, 5, 4, 2, 1, 3, 6, 7, 9]",2.8291962561
"[8, 5, 4, 2, 1, 3, 6, 7]",4.2659225369
"[8, 5, 4, 3, 6, 7, 2, 1]",2.4797532975
"[8, 5, 4, 7, 6, 3, 1, 2]",2.4392614702
"[8, 5, 4, 7, 6, 3, 2, 1]",5.3266842767
"[8, 5, 6, 4, 7, 3, 2, 1]",2.5662318783
"[8, 5, 6, 7, 4, 1, 3, 2]",2.8790344642
"[8, 5, 6, 7, 4, 2, 1, 3]",5.4285047269
"[8, 5, 6, 7, 4, 3, 1, 2]",6.9646582625
"[8, 5, 6, 7, 4, 3, 2, 1]",6.7302704030
"[8, 5, 7, 6, 3, 4, 2, 1]",2.8765315002
"[8, 5, 7, 6, 4, 1, 2, 3]",4.7473365315
"[8, 5, 7, 6, 4, 2, 1, 3]",3.5621917385
"[8, 5, 7, 6, 4, 2, 3, 1]",4.8213216318
"[8, 5, 7, 6, 4, 3, 1, 2]",4.9730906411
"[8, 5, 7, 6, 4, 3, 2, 1]",4.6889462671
"[8, 5, 7, 9, 6, 4, 3, 1, 2]",2.3467802154
"[8, 6, 1, 3, 4, 2, 5, 7]",2.1958017318
"[8, 6, 2, 1, 3, 4, 5, 7]",2.2732755834
"[8, 6, 3, 1, 2, 5, 4, 7]",2.6220100754
"[8, 6, 3, 4, 2, 1, 5, 7]",3.1110491136
"[8, 6, 3, 4, 7, 5, 2, 1]",3.0054428467
"[8, 6, 3, 5, 7, 4, 2, 1]",2.9464590882
"[8, 6, 3, 7, 5, 4, 2, 1]",2.3635495382
"[8, 6, 4, 1, 2, 3, 5, 7]",2.1598845912
"[8, 6, 4, 1, 2, 3, 7, 5]",3.0477012550
"[8, 6, 4, 1, 3, 2, 5, 7]",2.3226071721
"[8, 6, 4, 3, 1, 2, 5, 7]",2.6761187364
"[8, 6, 4, 5, 1, 2, 3, 7]",3.0212176289
"[8, 6, 4, 5, 7, 3, 1, 2]",2.7736947365
"[8, 6, 4, 5, 7, 3, 2, 1]",5.2866982907
"[8, 6, 4, 7, 5, 2, 3, 1]",2.2623388237
"[8, 6, 4, 7, 5, 3, 1, 2]",2.1757220795
"[8, 6, 5, 1, 2, 3, 4, 7]",4.1677257367
"[8, 6, 5, 1, 2, 4, 3, 7]",2.1193719277
"[8, 6, 5, 2, 1, 3, 4, 7]",2.2161116046
"[8, 6, 5, 2, 1, 3, 7, 4]",2.1439879264
"[8, 6, 5, 3, 1, 2, 4, 7]",2.5158964630
"[8, 6, 5, 4, 3, 2, 1, 7]",2.4287579790
"[8, 6, 5, 7, 3, 1, 2, 4]",2.2779685478
"[8, 6, 5, 7, 3, 4, 2, 1]",2.8419059903
"[8, 6, 5, 7, 4, 2, 1, 3]",3.6336272770
"[8, 6, 5, 7, 4, 3, 1, 2]",5.1421072503
"[8, 6, 5, 7, 4, 3, 2, 1]",12.2696083929
"[8, 6, 7, 2, 1, 3, 5, 4]",2.4767857738
"[8, 6, 7, 3, 1, 2, 4, 5]",3.0862362544
"[8, 6, 7, 3, 2, 1, 4, 5]",2.3237954557
"[8, 6, 7, 3, 2, 1, 5, 4]",2.1078849503
"[8, 6, 7, 3, 2, 5, 4, 1]",2.2931975888
"[8, 6, 7, 3, 4, 5, 2, 1]",2.6156925615
"[8, 6, 7, 3, 5, 4, 1, 2]",2.4424477557
"[8, 6, 7, 3, 5, 4, 2, 1]",2.7536494177
"[8, 6, 7, 4, 1, 2, 5, 3]",3.3250212276
"[8, 6, 7, 4, 2, 1, 5, 3]",3.0009767439
"[8, 6, 7, 4, 3, 5, 1, 2]",3.3033108048
"[8, 6, 7, 4, 5, 1, 2, 3]",2.1886717512
"[8, 6, 7, 4, 5, 2, 1, 3]",3.9618994761
"[8, 6, 7, 4, 5, 3, 1, 2]",4.8847796031
"[8, 6, 7, 4, 5, 3, 2, 1]",3.8141641916
"[8, 6, 7, 5, 1, 2, 3, 4]",5.7741687778
"[8, 6, 7, 5, 1, 2, 4, 3]",3.7008467578
"[8, 6, 7, 5, 2, 1, 3, 4]",5.0109376079
"[8, 6, 7, 5, 2, 4, 1, 3]",2.5555587622
"[8, 6, 7, 5, 3, 1, 2, 4]",5.1364517545
"[8, 6, 7, 5, 3, 1, 4, 2]",5.4010532692
"[8, 6, 7, 5, 3, 2, 1, 4]",4.3589813216
"[8, 6, 7, 5, 3, 2, 4, 1]",2.8239929466
"[8, 6, 7, 5, 3, 4, 1, 2]",5.2455324653
"[8, 6, 7, 5, 3, 4, 2, 1]",9.5907931406
"[8, 6, 7, 5, 4, 1, 2, 3]",6.7865077512
"[8, 6, 7, 5, 4, 1, 3, 2]",7.8448706186
"[8, 6, 7, 5, 4, 2, 1, 3]",8.4930772194
"[8, 6, 7, 5, 4, 2, 3, 1]",6.7919673163
"[8, 6, 7, 5, 4, 3, 1, 2]",12.8505904494
"[8, 6, 7, 5, 4, 3, 2, 1]",21.6348746484
"[8, 6, 9, 7, 5, 3, 4, 2, 1]",2.6037653369
"[8, 7, 1, 2, 3, 4, 5, 6]",2.2918373466
"[8, 7, 1, 4, 3, 2, 6, 5]",2.5198213406
"[8, 7, 10, 9, 6, 4, 5, 3, 2, 1]",2.4522910090
"[8, 7, 2, 1, 3, 5, 6, 4]",2.2925585802
"[8, 7, 2, 1, 3, 6, 5, 4]",2.7251634679
"[8, 7, 2, 1, 4, 3, 5, 6]",2.1113917943
"[8, 7, 2, 3, 6, 5, 4, 1]",2.7655432937
"[8, 7, 2, 4, 6, 5, 3, 1]",2.4157118116
"[8, 7, 2, 5, 3, 1, 4, 6]",2.2566807070
"[8, 7, 3, 1, 2, 4, 6, 5]",4.0588288392
"[8, 7, 3, 1, 2, 5, 6, 4]",3.9459362715
"[8, 7, 3, 1, 4, 2, 5, 6]",2.1677327071
"[8, 7, 3, 2, 1, 4, 6, 5]",2.6976021208
"[8, 7, 3, 2, 5, 6, 4, 1]",2.4170206099
"[8, 7, 3, 4, 1, 2, 5, 6]",2.3031299925
"[8, 7, 3, 4, 1, 2, 6, 5]",2.6039189593
"[8, 7, 3, 4, 5, 6, 2, 1]",3.4268641317
"[8, 7, 3, 5, 4, 6, 2, 1]",3.5736940152
"[8, 7, 3, 5, 6, 4, 2, 1]",2.4091710811
"[8, 7, 3, 6, 5, 4, 2, 1]",3.2943770654
"[8, 7, 4, 1, 2, 3, 5, 6]",3.1212882828
"[8, 7, 4, 1, 3, 6, 5, 2]",2.9999618663
"[8, 7, 4, 2, 1, 3, 5, 6]",7.7566414344
"[8, 7, 4, 2, 1, 3, 6, 5]",2.1281215754
"[8, 7, 4, 2, 3, 1, 5, 6]",2.5685034168
"[8, 7, 4, 2, 5, 6, 3, 1]",2.4332089595
"[8, 7, 4, 3, 1, 2, 5, 6]",3.4708699757
"[8, 7, 4, 3, 1, 2, 6, 5]",2.0329333217
"[8, 7, 4, 3, 2, 1, 5, 6]",3.1040807760
"[8, 7, 4, 3, 2, 1, 6, 5]",2.6153003041
"[8, 7, 4, 3, 2, 5, 6, 1]",2.0594341365
"[8, 7, 4, 3, 5, 1, 2, 6]",2.2404245374
"[8, 7, 4, 3, 6, 5, 2, 1]",4.2034040980
"[8, 7, 4, 5, 2, 1, 3, 6]",4.2561692154
"[8, 7, 4, 5, 3, 1, 2, 6]",3.8251254168
"[8, 7, 4, 5, 6, 1, 2, 3]",2.7021547093
"[8, 7, 4, 5, 6, 3, 2, 1]",12.5711448396
"[8, 7, 4, 6, 3, 1, 2, 5]",2.8881900839
"[8, 7, 4, 6, 5, 1, 2, 3]",4.3356789326
"[8, 7, 4, 6, 5, 2, 3, 1]",2.7975819466
"[8, 7, 4, 6, 5, 3, 1, 2]",8.8505100116
"[8, 7, 4, 6, 5, 3, 2, 1]",9.1577412621
"[8, 7, 5, 1, 2, 4, 6, 3]",2.9996497252
"[8, 7, 5, 1, 3, 2, 4, 6]",2.5461494133
"[8, 7, 5, 2, 1, 3, 4, 6, 9]",2.2421543624
"[8, 7, 5, 2, 1, 3, 4, 6]",3.3716472660
"[8, 7, 5, 2, 1, 4, 3, 6]",3.5698873837
"[8, 7, 5, 2, 3, 1, 4, 6]",2.1520177367
"[8, 7, 5, 2, 3, 6, 4, 1]",2.0247504403
"[8, 7, 5, 2, 4, 1, 3, 6]",2.1754601291
"[8, 7, 5, 3, 1, 2, 4, 6]",3.4463772951
"[8, 7, 5, 3, 2, 1, 4, 6, 10, 9]",2.5126591218
"[8, 7, 5, 3, 2, 1, 4, 6, 9]",3.1176874907
"[8, 7, 5, 3, 2, 1, 4, 6]",4.1033204323
"[8, 7, 5, 3, 4, 6, 2, 1]",6.3712503131
"[8, 7, 5, 3, 6, 4, 2, 1]",3.2775918975
"[8, 7, 5, 4, 1, 2, 3, 6]",4.3909616998
"[8, 7, 5, 4, 2, 1, 3, 6]",8.1792704857
"[8, 7, 5, 4, 3, 2, 1, 6]",2.3344567913
"[8, 7, 5, 4, 3, 6, 1, 2]",2.8222883704
"[8, 7, 5, 4, 6, 2, 1, 3]",2.3331808836
"[8, 7, 5, 4, 6, 2, 3, 1]",3.1122118735
"[8, 7, 5, 4, 6, 3, 1, 2]",4.7326275912
"[8, 7, 5, 4, 6, 3, 2, 1]",11.1467274477
"[8, 7, 5, 6, 1, 2, 3, 4]",3.5962959818
"[8, 7, 5, 6, 1, 4, 3, 2]",2.2140254117
"[8, 7, 5, 6, 2, 1, 3, 4]",3.1882118777
"[8, 7, 5, 6, 2, 3, 1, 4]",3.0086616874
"[8, 7, 5, 6, 2, 3, 4, 1]",5.0819787447
"[8, 7, 5, 6, 3, 1, 2, 4]",9.1228169874
"[8, 7, 5, 6, 3, 2, 1, 4]",6.0740261917
"[8, 7, 5, 6, 3, 2, 4, 1]",4.1546413175
"[8, 7, 5, 6, 3, 4, 1, 2]",2.3845027452
"[8, 7, 5, 6, 3, 4, 2, 1]",7.2168107770
"[8, 7, 5, 6, 4, 1, 2, 3]",6.0055048313
"[8, 7, 5, 6, 4, 1, 3, 2]",4.9588239238
"[8, 7, 5, 6, 4, 2, 1, 3]",11.8908729584
"[8, 7, 5, 6, 4, 2, 3, 1]",9.1567158599
"[8, 7, 5, 6, 4, 3, 1, 2]",17.5261838088
"[8, 7, 5, 6, 4, 3, 2, 1]",22.2079543300
"[8, 7, 6, 1, 2, 3, 4, 5]",3.7072660051
"[8, 7, 6, 1, 2, 3, 5, 4]",2.9320631500
"[8, 7, 6, 1, 2, 4, 5, 3]",2.2557354507
"[8, 7, 6, 1, 2, 5, 4, 3]",5.4151389212
"[8, 7, 6, 1, 3, 4, 2, 5]",2.7788386779
"[8, 7, 6, 1, 3, 5, 4, 2]",2.2229196439
"[8, 7, 6, 1, 4, 3, 2, 5]",2.9152058703
"[8, 7, 6, 1, 4, 5, 3, 2]",2.4119286013
"[8, 7, 6, 1, 5, 4, 3, 2]",2.3427823270
"[8, 7, 6, 2, 1, 3, 4, 5]",5.8149719670
"[8, 7, 6, 2, 1, 3, 5, 4]",9.5424941619
"[8, 7, 6, 2, 1, 4, 5, 3]",3.8143097152
"[8, 7, 6, 2, 1, 5, 4, 3]",3.4329117747
"[8, 7, 6, 2, 3, 1, 4, 5]",2.1999577655
"[8, 7, 6, 2, 3, 4, 1, 5]",2.2461140725
"[8, 7, 6, 2, 3, 4, 5, 1]",3.3404572076
"[8, 7, 6, 2, 3, 5, 4, 1]",2.8852706024
"[8, 7, 6, 2, 4, 1, 3, 5]",2.1736516188
"[8, 7, 6, 2, 4, 3, 5, 1]",2.2026325868
"[8, 7, 6, 2, 4, 5, 3, 1]",2.4090665458
"[8, 7, 6, 2, 5, 3, 1, 4]",2.6554784913
"[8, 7, 6, 2, 5, 4, 1, 3]",2.3159363388
"[8, 7, 6, 2, 5, 4, 3, 1]",2.6524613089
"[8, 7, 6, 3, 1, 2, 4, 5]",5.1199677359
"[8, 7, 6, 3, 1, 2, 5, 4]",5.4496206785
"[8, 7, 6, 3, 1, 4, 5, 2]",2.5779552216
"[8, 7, 6, 3, 1, 5, 4, 2]",2.0334914062
"[8, 7, 6, 3, 2, 1, 4, 5]",4.0944603448
"[8, 7, 6, 3, 2, 1, 5, 4]",3.6628688263
"[8, 7, 6, 3, 2, 5, 4, 1]",3.2814313399
"[8, 7, 6, 3, 4, 1, 2, 5]",3.4873104938
"[8, 7, 6, 3, 4, 2, 1, 5]",3.1935328521
"[8, 7, 6, 3, 4, 5, 1, 2]",4.4058621872
"[8, 7, 6, 3, 4, 5, 2, 1]",8.3732587507
"[8, 7, 6, 3, 5, 2, 1, 4]",3.9425626145
"[8, 7, 6, 3, 5, 2, 4, 1]",2.7204665875
"[8, 7, 6, 3, 5, 4, 1, 2]",5.7487944064
"[8, 7, 6, 3, 5, 4, 2, 1]",13.2224525417
"[8, 7, 6, 4, 1, 2, 3, 5]",9.7660729461
"[8, 7, 6, 4, 1, 2, 5, 3]",3.9067751334
"[8, 7, 6, 4, 1, 3, 2, 5]",3.6686249372
"[8, 7, 6, 4, 2, 1, 3, 5]",7.4205665759
"[8, 7, 6, 4, 2, 1, 5, 3]",2.0188652247
"[8, 7, 6, 4, 2, 3, 1, 5]",4.9094090860
"[8, 7, 6, 4, 2, 3, 5, 1]",2.7657535133
"[8, 7, 6, 4, 2, 5, 3, 1]",2.9822146921
"[8, 7, 6, 4, 3, 1, 2, 5]",6.1652532513
"[8, 7, 6, 4, 3, 2, 1, 5]",2.9242620124
"[8, 7, 6, 4, 3, 2, 5, 1]",3.4285768833
"[8, 7, 6, 4, 3, 5, 1, 2]",6.4982211706
"[8, 7, 6, 4, 3, 5, 2, 1]",9.2421500848
"[8, 7, 6, 4, 5, 1, 2, 3]",7.7754774193
"[8, 7, 6, 4, 5, 2, 1, 3]",8.0328476246
"[8, 7, 6, 4, 5, 2, 3, 1]",4.3748368727
"[8, 7, 6, 4, 5, 3, 1, 2]",16.2385090331
"[8, 7, 6, 4, 5, 3, 2, 1]",29.6752624178
"[8, 7, 6, 5, 1, 2, 3, 4]",8.2687767136
"[8, 7, 6, 5, 1, 2, 4, 3]",7.5038762100
"[8, 7, 6, 5, 1, 3, 2, 4]",4.4825704708
"[8, 7, 6, 5, 1, 3, 4, 2]",3.9136920984
"[8, 7, 6, 5, 1, 4, 3, 2]",8.5309299429
"[8, 7, 6, 5, 2, 1, 3, 4]",19.5087180757
"[8, 7, 6, 5, 2, 1, 4, 3]",7.7894300299
"[8, 7, 6, 5, 2, 3, 1, 4]",4.6185652362
"[8, 7, 6, 5, 2, 3, 4, 1]",7.0426294438
"[8, 7, 6, 5, 2, 4, 1, 3]",5.2126061162
"[8, 7, 6, 5, 2, 4, 3, 1]",12.3151039167
"[8, 7, 6, 5, 3, 1, 2, 4]",14.3344749510
"[8, 7, 6, 5, 3, 1, 4, 2]",6.4515028938
"[8, 7, 6, 5, 3, 2, 1, 4]",6.7092386412
"[8, 7, 6, 5, 3, 2, 4, 1]",7.8636584187
"[8, 7, 6, 5, 3, 4, 1, 2]",7.8167050334
"[8, 7, 6, 5, 3, 4, 2, 1]",24.3194504137
"[8, 7, 6, 5, 4, 1, 2, 3]",18.1101404409
"[8, 7, 6, 5, 4, 1, 3, 2]",15.7932848548
"[8, 7, 6, 5, 4, 2, 1, 3]",27.6257323400
"[8, 7, 6, 5, 4, 2, 3, 1]",17.0558327614
"[8, 7, 6, 5, 4, 3, 1, 2]",34.8665308609
"[8, 7, 6, 5, 4, 3, 2, 1]",60.9040320783
"[8, 7, 6, 9, 10, 5, 4, 3, 2, 1]",2.1628118225
"[8, 7, 6, 9, 5, 4, 3, 1, 2]",2.1922779594
"[8, 7, 9, 6, 4, 5, 3, 2, 1]",2.6819268474
"[8, 7, 9, 6, 5, 3, 4, 2, 1]",2.2125951045
"[8, 7, 9, 6, 5, 4, 3, 1, 2]",3.9032597455
"[8, 7, 9, 6, 5, 4, 3, 2, 1]",7.9753921429
"[8, 9, 10, 7, 6, 4, 3, 2, 5, 1]",2.1210477050
"[8, 9, 10, 7, 6, 5, 4, 2, 1, 3]",2.0355171694
"[8, 9, 10, 7, 6, 5, 4, 3, 1, 2]",2.0560893526
"[8, 9, 10, 7, 6, 5, 4, 3, 2, 1]",2.4703010644
"[8, 9, 6, 5, 7, 4, 3, 2, 1]",3.6444650672
"[8, 9, 6, 7, 4, 3, 5, 1, 2]",2.5175700260
"[8, 9, 6, 7, 5, 1, 2, 3, 4]",4.1583651066
"[8, 9, 6, 7, 5, 2, 1, 3, 4]",2.2974704552
"[8, 9, 6, 7, 5, 4, 2, 1, 3]",2.3951623874
"[8, 9, 6, 7, 5, 4, 3, 2, 1]",3.4871875859
"[8, 9, 7, 4, 3, 1, 2, 5, 6]",2.9603851375
"[8, 9, 7, 4, 5, 6, 3, 2, 1]",2.2495364277
"[8, 9, 7, 5, 6, 3, 4, 2, 1]",4.2941973897
"[8, 9, 7, 5, 6, 4, 3, 1, 2]",5.0273324779
"[8, 9, 7, 5, 6, 4, 3, 2, 1]",4.1033255504
"[8, 9, 7, 6, 1, 2, 3, 5, 4]",2.0075137379
"[8, 9, 7, 6, 1, 2, 5, 4, 3]",2.0870448630
"[8, 9, 7, 6, 3, 4, 1, 2, 5]",2.7488736111
"[8, 9, 7, 6, 3, 4, 5, 1, 2]",2.1538028920
"[8, 9, 7, 6, 3, 5, 4, 2, 1]",2.8778657433
"[8, 9, 7, 6, 4, 1, 2, 3, 5]",2.2905375296
"[8, 9, 7, 6, 4, 2, 1, 3, 5]",2.2832069753
"[8, 9, 7, 6, 4, 2, 3, 1, 5]",2.6295761003
"[8, 9, 7, 6, 4, 3, 2, 5, 1]",2.1210477050
"[8, 9, 7, 6, 4, 3, 5, 2, 1]",2.8720687934
"[8, 9, 7, 6, 4, 5, 2, 1, 3]",3.2842000106
"[8, 9, 7, 6, 4, 5, 3, 1, 2]",3.8796578492
"[8, 9, 7, 6, 4, 5, 3, 2, 1]",5.7889145245
"[8, 9, 7, 6, 5, 1, 2, 4, 3]",3.4356299256
"[8, 9, 7, 6, 5, 2, 1, 3, 4]",4.8760475154
"[8, 9, 7, 6, 5, 2, 3, 1, 4]",2.4128717269
"[8, 9, 7, 6, 5, 2, 4, 1, 3]",2.2764757436
"[8, 9, 7, 6, 5, 2, 4, 3, 1]",3.3940883952
"[8, 9, 7, 6, 5, 3, 1, 2, 4]",3.2919911978
"[8, 9, 7, 6, 5, 3, 2, 1, 4]",2.0513220949
"[8, 9, 7, 6, 5, 3, 4, 1, 2]",2.5326599335
"[8, 9, 7, 6, 5, 3, 4, 2, 1]",4.4593717418
"[8, 9, 7, 6, 5, 4, 1, 2, 3]",3.9748331826
"[8, 9, 7, 6, 5, 4, 1, 3, 2]",4.8191266560
"[8, 9, 7, 6, 5, 4, 2, 1, 3]",8.9405232982
"[8, 9, 7, 6, 5, 4, 2, 3, 1]",2.6800793132
"[8, 9, 7, 6, 5, 4, 3, 1, 2]",9.0048170871
"[8, 9, 7, 6, 5, 4, 3, 2, 1]",13.9774309450
"[9, 10, 8, 6, 7, 4, 5, 3, 1, 2]",2.1033864329
"[9, 10, 8, 6, 7, 5, 4, 2, 3, 1]",2.1909245752
"[9, 10, 8, 6, 7, 5, 4, 3, 1, 2]",2.1429905768
"[9, 10, 8, 7, 2, 3, 6, 5, 4, 1]",2.0871354249
"[9, 10, 8, 7, 6, 1, 2, 5, 4, 3]",2.0645619776
"[9, 10, 8, 7, 6, 3, 5, 4, 2, 1]",2.6666446291
"[9, 10, 8, 7, 6, 4, 5, 3, 2, 1]",2.6484913054
"[9, 10, 8, 7, 6, 5, 2, 1, 3, 4]",5.3196632101
"[9, 10, 8, 7, 6, 5, 3, 4, 2, 1]",2.0215697080
"[9, 10, 8, 7, 6, 5, 4, 1, 2, 3]",2.6890027826
"[9, 10, 8, 7, 6, 5, 4, 2, 1, 3]",3.0051733797
"[9, 10, 8, 7, 6, 5, 4, 3, 1, 2]",3.7327778797
"[9, 10, 8, 7, 6, 5, 4, 3, 2, 1]",5.9115140666
"[9, 4, 6, 7, 8, 5, 3, 2, 1]",2.1876775606
"[9, 6, 5, 1, 2, 3, 4, 7, 8]",2.0082004008
"[9, 6, 5, 8, 7, 4, 3, 2, 1]",2.2625555341
"[9, 6, 7, 8, 5, 4, 1, 2, 3]",2.7787776075
"[9, 6, 7, 8, 5, 4, 3, 2, 1]",3.8335049994
"[9, 6, 8, 7, 5, 3, 1, 2, 4]",2.2895718967
"[9, 6, 8, 7, 5, 3, 4, 2, 1]",2.9836972203
"[9, 6, 8, 7, 5, 4, 3, 2, 1]",2.8913161699
"[9, 7, 4, 6, 8, 5, 3, 2, 1]",2.9465869422
"[9, 7, 4, 8, 6, 5, 3, 2, 1]",2.3636520983
"[9, 7, 5, 6, 8, 4, 3, 2, 1]",2.0291964857
"[9, 7, 5, 8, 6, 3, 4, 2, 1]",2.2624369921
"[9, 7, 6, 8, 5, 4, 2, 1, 3]",2.0840648102
"[9, 7, 6, 8, 5, 4, 3, 2, 1]",8.6336669382
"[9, 7, 8, 4, 6, 5, 3, 2, 1]",2.0124747829
"[9, 7, 8, 5, 6, 3, 2, 4, 1]",2.5506730269
"[9, 7, 8, 5, 6, 4, 2, 1, 3]",2.0359504835
"[9, 7, 8, 6, 3, 1, 2, 5, 4]",2.1216807546
"[9, 7, 8, 6, 3, 2, 1, 4, 5]",2.1918060476
"[9, 7, 8, 6, 4, 5, 2, 1, 3]",2.7800707475
"[9, 7, 8, 6, 4, 5, 3, 2, 1]",3.6771113636
"[9, 7, 8, 6, 5, 1, 2, 3, 4]",3.1064805853
"[9, 7, 8, 6, 5, 2, 1, 3, 4]",2.4251801129
"[9, 7, 8, 6, 5, 2, 1, 4, 3]",2.1010697578
"[9, 7, 8, 6, 5, 2, 3, 4, 1]",2.8121353168
"[9, 7, 8, 6, 5, 2, 4, 3, 1]",2.6505296553
"[9, 7, 8, 6, 5, 3, 1, 2, 4]",3.0036615213
"[9, 7, 8, 6, 5, 3, 2, 1, 4]",2.7868500180
"[9, 7, 8, 6, 5, 3, 4, 2, 1]",4.6533971202
"[9, 7, 8, 6, 5, 4, 1, 2, 3]",3.0541997934
"[9, 7, 8, 6, 5, 4, 2, 1, 3]",3.8603266905
"[9, 7, 8, 6, 5, 4, 2, 3, 1]",4.9656990656
"[9, 7, 8, 6, 5, 4, 3, 1, 2]",3.4826534462
"[9, 7, 8, 6, 5, 4, 3, 2, 1]",9.5047075131
"[9, 8, 10, 7, 5, 6, 4, 3, 1, 2]",2.6820432227
"[9, 8, 10, 7, 6, 5, 4, 3, 1, 2]",3.6097324409
"[9, 8, 10, 7, 6, 5, 4, 3, 2, 1]",2.7339385849
"[9, 8, 4, 2, 1, 3, 6, 7, 5]",2.6774976403
"[9, 8, 4, 5, 6, 7, 3, 2, 1]",2.1522369181
"[9, 8, 4, 7, 6, 5, 3, 2, 1]",2.0105773975
"[9, 8, 5, 3, 6, 7, 4, 2, 1]",2.4333145423
"[9, 8, 5, 4, 2, 1, 3, 6, 7, 10]",2.0336421991
"[9, 8, 5, 4, 2, 1, 3, 6, 7]",3.4704029995
"[9, 8, 5, 4, 7, 6, 3, 2, 1]",2.0090037888
"[9, 8, 5, 6, 7, 4, 2, 1, 3]",4.3030080539
"[9, 8, 5, 6, 7, 4, 3, 1, 2]",3.3243230135
"[9, 8, 5, 6, 7, 4, 3, 2, 1]",4.2460299428
"[9, 8, 5, 7, 6, 4, 1, 2, 3]",2.7128139573
"[9, 8, 5, 7, 6, 4, 2, 1, 3]",2.2504244872
"[9, 8, 5, 7, 6, 4, 2, 3, 1]",2.9001532309
"[9, 8, 5, 7, 6, 4, 3, 1, 2]",3.7771889991
"[9, 8, 5, 7, 6, 4, 3, 2, 1]",3.1305251523
"[9, 8, 6, 3, 4, 2, 1, 5, 7]",2.3747559185
"[9, 8, 6, 3, 4, 7, 5, 2, 1]",2.0248382991
"[9, 8, 6, 4, 3, 1, 2, 5, 7]",2.2192441486
"[9, 8, 6, 4, 5, 1, 2, 3, 7]",2.4600866461
"[9, 8, 6, 4, 5, 7, 3, 1, 2]",2.0831096502
"[9, 8, 6, 4, 5, 7, 3, 2, 1]",3.0062572116
"[9, 8, 6, 5, 2, 1, 3, 7, 4]",2.1439879264
"[9, 8, 6, 5, 7, 4, 2, 1, 3]",2.6710084056
"[9, 8, 6, 5, 7, 4, 3, 1, 2]",3.1410710323
"[9, 8, 6, 5, 7, 4, 3, 2, 1]",4.5681420351
"[9, 8, 6, 7, 3, 4, 5, 2, 1]",2.6156925615
"[9, 8, 6, 7, 4, 1, 2, 5, 3]",3.3250212276
"[9, 8, 6, 7, 4, 2, 1, 5, 3]",3.0009767439
"[9, 8, 6, 7, 4, 5, 3, 1, 2]",3.0537073515
"[9, 8, 6, 7, 4, 5, 3, 2, 1]",2.5000352274
"[9, 8, 6, 7, 5, 3, 1, 2, 4]",2.0949272622
"[9, 8, 6, 7, 5, 3, 1, 4, 2]",3.4457765177
"[9, 8, 6, 7, 5, 3, 2, 4, 1]",2.8239929466
"[9, 8, 6, 7, 5, 3, 4, 1, 2]",2.1619688178
"[9, 8, 6, 7, 5, 3, 4, 2, 1]",5.4509291659
"[9, 8, 6, 7, 5, 4, 1, 2, 3]",4.1425276380
"[9, 8, 6, 7, 5, 4, 1, 3, 2]",4.5559090073
"[9, 8, 6, 7, 5, 4, 2, 1, 3]",3.4746543181
"[9, 8, 6, 7, 5, 4, 2, 3, 1]",5.4187561207
"[9, 8, 6, 7, 5, 4, 3, 1, 2]",8.2353065321
"[9, 8, 6, 7, 5, 4, 3, 2, 1]",8.6504038513
"[9, 8, 7, 2, 1, 3, 6, 5, 4]",2.2985064014
"[9, 8, 7, 2, 3, 6, 5, 4, 1]",2.0871354249
"[9, 8, 7, 3, 5, 6, 4, 2, 1]",2.4091710811
"[9, 8, 7, 4, 2, 1, 3, 5, 6]",3.9534657552
"[9, 8, 7, 4, 3, 6, 5, 2, 1]",2.2462827642
"[9, 8, 7, 4, 5, 6, 3, 2, 1]",5.1111116109
"[9, 8, 7, 4, 6, 5, 3, 1, 2]",4.0906232329
"[9, 8, 7, 4, 6, 5, 3, 2, 1]",5.4366501171
"[9, 8, 7, 5, 1, 2, 4, 6, 3]",2.4570042872
"[9, 8, 7, 5, 3, 4, 6, 2, 1]",2.2452777467
"[9, 8, 7, 5, 4, 2, 1, 3, 6]",4.3745090225
"[9, 8, 7, 5, 4, 6, 2, 3, 1]",2.2747903753
"[9, 8, 7, 5, 4, 6, 3, 2, 1]",5.2883001057
"[9, 8, 7, 5, 6, 3, 1, 2, 4]",3.3665704507
"[9, 8, 7, 5, 6, 3, 2, 1, 4]",3.0940668851
"[9, 8, 7, 5, 6, 3, 2, 4, 1]",2.7411875983
"[9, 8, 7, 5, 6, 4, 1, 2, 3]",2.5485756786
"[9, 8, 7, 5, 6, 4, 2, 1, 3]",6.9532336264
"[9, 8, 7, 5, 6, 4, 2, 3, 1]",4.4611778128
"[9, 8, 7, 5, 6, 4, 3, 1, 2]",6.4630106493
"[9, 8, 7, 5, 6, 4, 3, 2, 1]",11.7231325411
"[9, 8, 7, 6, 1, 2, 5, 4, 3]",2.9574909020
"[9, 8, 7, 6, 1, 4, 3, 2, 5]",2.3865287643
"[9, 8, 7, 6, 2, 1, 3, 4, 5]",4.4468027767
"[9, 8, 7, 6, 2, 1, 3, 5, 4]",5.3980936486
"[9, 8, 7, 6, 2, 1, 4, 5, 3]",2.1182448040
"[9, 8, 7, 6, 2, 5, 3, 1, 4]",2.1036197934
"[9, 8, 7, 6, 3, 1, 2, 4, 5]",2.8538588970
"[9, 8, 7, 6, 3, 1, 2, 5, 4]",2.5145210223
"[9, 8, 7, 6, 3, 1, 4, 5, 2]",2.5779552216
"[9, 8, 7, 6, 3, 2, 1, 5, 4]",2.0039932717
"[9, 8, 7, 6, 3, 4, 5, 1, 2]",2.2520592952
"[9, 8, 7, 6, 3, 4, 5, 2, 1]",2.8372318870
"[9, 8, 7, 6, 3, 5, 4, 2, 1]",8.0167115013
"[9, 8, 7, 6, 4, 1, 2, 3, 5]",4.3325697464
"[9, 8, 7, 6, 4, 1, 2, 5, 3]",2.7392017218
"[9, 8, 7, 6, 4, 1, 3, 2, 5]",2.8179825197
"[9, 8, 7, 6, 4, 2, 1, 3, 5]",2.3207574600
"[9, 8, 7, 6, 4, 2, 5, 3, 1]",2.3341066220
"[9, 8, 7, 6, 4, 3, 1, 2, 5]",2.9952836641
"[9, 8, 7, 6, 4, 3, 5, 2, 1]",5.2767924921
"[9, 8, 7, 6, 4, 5, 1, 2, 3]",4.2130976183
"[9, 8, 7, 6, 4, 5, 2, 1, 3]",2.9397370932
"[9, 8, 7, 6, 4, 5, 3, 1, 2]",5.7610517485
"[9, 8, 7, 6, 4, 5, 3, 2, 1]",11.3117838277
"[9, 8, 7, 6, 5, 1, 2, 3, 4]",4.0310668934
"[9, 8, 7, 6, 5, 1, 2, 4, 3]",2.9632588459
"[9, 8, 7, 6, 5, 1, 3, 2, 4]",2.6169909332
"[9, 8, 7, 6, 5, 1, 4, 3, 2]",4.0486755306
"[9, 8, 7, 6, 5, 2, 1, 3, 4]",9.7917949550
"[9, 8, 7, 6, 5, 2, 1, 4, 3]",2.7798994189
"[9, 8, 7, 6, 5, 2, 3, 4, 1]",3.3709369972
"[9, 8, 7, 6, 5, 2, 4, 3, 1]",4.5345252883
"[9, 8, 7, 6, 5, 3, 1, 2, 4]",5.4798699951
"[9, 8, 7, 6, 5, 3, 1, 4, 2]",3.6225953090
"[9, 8, 7, 6, 5, 3, 2, 1, 4]",2.3678011276
"[9, 8, 7, 6, 5, 3, 2, 4, 1]",3.0296693776
"[9, 8, 7, 6, 5, 3, 4, 1, 2]",3.6532378164
"[9, 8, 7, 6, 5, 3, 4, 2, 1]",11.3406584262
"[9, 8, 7, 6, 5, 4, 1, 2, 3]",10.1523561047
"[9, 8, 7, 6, 5, 4, 1, 3, 2]",6.5349011073
"[9, 8, 7, 6, 5, 4, 2, 1, 3]",10.8399890700
"[9, 8, 7, 6, 5, 4, 2, 3, 1]",7.1930183984
"[9, 8, 7, 6, 5, 4, 3, 1, 2]",14.2770707266
"[9, 8, 7, 6, 5, 4, 3, 2, 1]",28.3266074119
